run,task,jobs,CPU_samples,C_mean_s,C_max_s,C_p95_s,observed_mean_inter_arrival_s
calibration-01-local-attempt-01,control_iteration,5429,5429,0.0037865618345920057,0.00799,0.004512899999999999,0.050000736919675756
calibration-01-local-attempt-01,local_costmap_update,1358,1358,0.0003979974226804124,0.0007224,0.00053833,0.20000073691967576
calibration-01-local-attempt-01,global_costmap_update,272,272,0.00045080625,0.0007615,0.0005757049999999999,1.0001070110701107
calibration-01-local-attempt-01,velocity_smoothing_tick,5429,5429,9.357027076809726e-06,0.0001349,1.32e-05,0.049999999999999996
calibration-01-local-attempt-01,bt_tick,27082,27082,0.00031415309799867066,0.0026407,0.0005767949999999997,0.010025996085816625
calibration-01-local-attempt-01,planning_request,265,265,0.016511887547169812,0.0318807,0.02803706,1.0271742424242423
calibration-01-local-attempt-01,amcl_scan_callback,1358,1358,0.002359586818851252,0.0042411,0.002955635,0.19999115696389097
calibration-01-local-attempt-01,mppi_noise_generation,5430,5430,0.0016830602578268876,0.0040807,0.00219086,0.049999999999999996
calibration-01-local-attempt-01,velocity_command_callback,5429,5429,6.192668999815804e-06,4.11e-05,8.3e-06,0.05000055268975681
calibration-01-local-attempt-01,collision_check,5429,5429,0.00022251541720390495,0.0004586,0.00028045999999999995,0.05000018422991894
calibration-01-local-attempt-01,controller_path_install,265,265,7.916641509433962e-05,0.0003284,0.0001653,1.0271136363636364
calibration-02-local-attempt-01,control_iteration,5428,5428,0.0037380411753868826,0.0078937,0.004381594999999999,0.05000073705546343
calibration-02-local-attempt-01,local_costmap_update,1358,1358,0.00040491877761413843,0.0008336,0.0005459,0.20000073691967576
calibration-02-local-attempt-01,global_costmap_update,272,272,0.00045359154411764703,0.0007669,0.00061428,1.000011070110701
calibration-02-local-attempt-01,velocity_smoothing_tick,5428,5428,9.159100957995578e-06,7.93e-05,1.26e-05,0.05
calibration-02-local-attempt-01,bt_tick,27078,27078,0.0002975040881896743,0.003204,0.0005425149999999998,0.010025667540717214
calibration-02-local-attempt-01,planning_request,265,265,0.016362231320754716,0.0312894,0.0288369,1.0272916666666667
calibration-02-local-attempt-01,amcl_scan_callback,1358,1358,0.00234025559646539,0.0041795,0.002921109999999999,0.19999115696389097
calibration-02-local-attempt-01,mppi_noise_generation,5429,5429,0.0016938054890403389,0.00354,0.0021671199999999994,0.049999999999999996
calibration-02-local-attempt-01,velocity_command_callback,5428,5428,6.180287398673544e-06,4.39e-05,8.2e-06,0.05000073705546343
calibration-02-local-attempt-01,collision_check,5428,5428,0.0002190174465733235,0.000624,0.0002737649999999999,0.05
calibration-02-local-attempt-01,controller_path_install,265,265,7.908981132075472e-05,0.0002781,0.00019275999999999996,1.0273030303030302
calibration-03-local-attempt-01,control_iteration,5422,5422,0.0037164154555514575,0.006952,0.00438017,0.050000737871241464
calibration-03-local-attempt-01,local_costmap_update,1356,1356,0.0003915273598820059,0.0007024,0.000523625,0.2000007380073801
calibration-03-local-attempt-01,global_costmap_update,272,272,0.0004501963235294118,0.0008246,0.0006432,1.0000036900369005
calibration-03-local-attempt-01,velocity_smoothing_tick,5422,5422,8.542216894135006e-06,6.65e-05,1.2e-05,0.05
calibration-03-local-attempt-01,bt_tick,27047,27047,0.00030100178947757605,0.0031927,0.0005458699999999997,0.010025844856910448
calibration-03-local-attempt-01,planning_request,264,264,0.016654131439393937,0.0337007,0.029174255,1.027980988593156
calibration-03-local-attempt-01,amcl_scan_callback,1356,1356,0.0023298071533923302,0.0066592,0.002872575,0.20001033210332103
calibration-03-local-attempt-01,mppi_noise_generation,5423,5423,0.001665507910750507,0.0036254,0.0020656099999999994,0.05
calibration-03-local-attempt-01,velocity_command_callback,5422,5422,6.119605311693103e-06,5.97e-05,8e-06,0.050000922339051825
calibration-03-local-attempt-01,collision_check,5422,5422,0.0002164676318701586,0.0006928,0.0002678,0.05000018446781036
calibration-03-local-attempt-01,controller_path_install,264,264,7.94969696969697e-05,0.0003289,0.00017698999999999992,1.0279771863117868
