task,task_id,class,T_nominal_s,observed_mean_inter_entry_s,granularity,budget_status,criticality,C_LO_s,C_HI_s,sample_count,historical_Q95_s,W_LO_mcycles,A7_C_LO_s,A15_C_LO_s,W_HI_mcycles,A7_C_HI_s,A15_C_HI_s,observed_min_inter_entry_s,nominal_rate_hz,observed_mean_rate_hz,C_std_s,A7_mid_C_LO_s,A15_mid_C_LO_s,A7_mid_C_HI_s,A15_mid_C_HI_s
control_iteration,tau1,P,0.05,0.050000737281887433,primary_named_inclusive,USER_ASSUMED_MEAN_LO_OBSERVED_MAX_HI,HI,0.003747019859942257,0.00799,16279,0.00443033,3.747019859942257,0.0023418874124639106,0.0010408388499839603,7.99,0.00499375,0.0022194444444444445,0.046999999999997044,20.0,19.99970509159364,0.0004244436835080895,0.0031225165499518806,0.0013877851333119469,0.006658333333333334,0.002959259259259259
local_costmap_update,tau2,P,0.2,0.20000073728188747,primary_named_inclusive,USER_ASSUMED_MEAN_LO_OBSERVED_MAX_HI,HI,0.00039815110510805503,0.0008336,4072,0.000537245,0.398151105108055,0.0002488444406925344,0.00011059752919668194,0.8336,0.000521,0.00023155555555555557,0.19999999999998863,5.0,4.999981568020761,6.4511257826818e-05,0.00033179258759004587,0.0001474633722622426,0.0006946666666666667,0.0003087407407407407
global_costmap_update,tau3,P,1.0,1.000040590405904,primary_named_inclusive,USER_ASSUMED_MEAN_LO_OBSERVED_MAX_HI,HI,0.0004515313725490196,0.0008246,816,0.00061975,0.4515313725490196,0.00028220710784313723,0.00012542538126361654,0.8246,0.000515375,0.00022905555555555556,0.9999999999999716,1.0,0.9999594112416101,8.660375370421197e-05,0.00037627614379084966,0.00016723384168482208,0.0006871666666666667,0.0003054074074074074
velocity_smoothing_tick,tau4,P,0.05,0.05,primary_named_inclusive,USER_ASSUMED_MEAN_LO_OBSERVED_MAX_HI,HI,9.019644941335463e-06,0.0001349,16279,1.26e-05,0.009019644941335463,5.637278088334665e-06,2.50545692814874e-06,0.1349,8.43125e-05,3.747222222222222e-05,0.043000000000006366,20.0,20.0,3.0681794476085756e-06,7.516370784446219e-06,3.340609237531653e-06,0.00011241666666666666,4.996296296296296e-05
bt_tick,tau5,P,0.01,0.010025836165706124,primary_named_inclusive,USER_ASSUMED_MEAN_LO_OBSERVED_MAX_HI,HI,0.00030422137623603877,0.003204,81207,0.0005561,0.3042213762360388,0.00019013836014752423,8.450593784334411e-05,3.2039999999999997,0.0020025,0.00089,0.009999999999990905,100.0,99.742304130258,0.00017358170800030011,0.0002535178135300323,0.00011267458379112548,0.0026699999999999996,0.0011866666666666666
planning_request,J1,A,,1.027481668773704,primary_named_inclusive,USER_ASSUMED_MEAN_LO_OBSERVED_MAX_HI,HI,0.01650923450881612,0.0337007,794,0.028817559999999992,16.509234508816117,0.010318271568010073,0.004585898474671144,33.7007,0.0210629375,0.009361305555555555,1.009999999999991,,0.9732533731657682,0.008534124027224381,0.01375769542401343,0.006114531299561525,0.028083916666666663,0.01248174074074074
amcl_scan_callback,J2,A,,0.1999975423937085,primary_named_inclusive,USER_ASSUMED_MEAN_LO_OBSERVED_MAX_HI,HI,0.0023432231090373284,0.0066592,4072,0.002917145,2.3432231090373286,0.0014645144431483304,0.0006508953080659246,6.659199999999999,0.004162,0.0018497777777777777,0.16999999999995907,,5.000061440912275,0.0003102670136244172,0.0019526859241977739,0.0008678604107545661,0.005549333333333333,0.00246637037037037
mppi_noise_generation,J3,A,,0.049999999999999996,primary_named_inclusive,USER_ASSUMED_MEAN_LO_OBSERVED_MAX_HI,HI,0.0016807969905417025,0.0040807,16282,0.0021370849999999995,1.6807969905417024,0.001050498119088564,0.00046688805292825064,4.080699999999999,0.0025504374999999998,0.0011335277777777776,0.0259999999999998,,20.0,0.0002273919992195052,0.001400664158784752,0.0006225174039043342,0.0034005833333333327,0.0015113703703703702
velocity_command_callback,J4,A,,0.050000737281887433,primary_named_inclusive,USER_ASSUMED_MEAN_LO_OBSERVED_MAX_HI,HI,6.16420541802322e-06,5.97e-05,16279,8.2e-06,0.00616420541802322,3.852628386264513e-06,1.7122792827842277e-06,0.0597,3.73125e-05,1.6583333333333334e-05,0.02499999999999858,,19.99970509159364,1.9579325752191884e-06,5.136837848352683e-06,2.2830390437123037e-06,4.975e-05,2.211111111111111e-05
collision_check,J5,A,,0.050000122880314565,primary_named_inclusive,USER_ASSUMED_MEAN_LO_OBSERVED_MAX_HI,HI,0.00021933475029178696,0.0006928,16279,0.00027450999999999984,0.21933475029178695,0.00013708421893236686,6.092631952549637e-05,0.6928000000000001,0.00043300000000000006,0.00019244444444444447,0.021999999999998465,,19.99995084799497,3.439524319047553e-05,0.00018277895857648913,8.123509270066183e-05,0.0005773333333333335,0.0002565925925925926
controller_path_install,J6,A,,1.0274639696586598,primary_named_inclusive,USER_ASSUMED_MEAN_LO_OBSERVED_MAX_HI,HI,7.925075566750631e-05,0.0003289,794,0.00017962999999999982,0.07925075566750632,4.953172229219145e-05,2.2014098796529534e-05,0.3289,0.00020556250000000002,9.136111111111112e-05,1.0,,0.9732701384479849,5.271943709247605e-05,6.60422963895886e-05,2.9352131728706044e-05,0.00027408333333333337,0.00012181481481481482
