task,jobs,completed,C_ref_Q95_s,T_metadata_s,mean_release_to_finish_s,mean_actual_thread_CPU_s
control_iteration,196,196,0.0100682,0.05,0.0983265306122449,0.006510786224489796
local_costmap_update,149,149,0.0014483999999999999,0.2,0.10286577181208055,0.0009976711409395971
global_costmap_update,30,30,0.0013906,1.0,0.1756,0.0010947266666666668
velocity_smoothing_tick,265,265,0.0002771,0.05,0.08120000000000001,0.00028541547169811326
bt_tick,484,484,0.0010347,0.01,0.056446280991735535,0.0015272216942148762
planning_request,49,49,0.0490757,,0.34155102040816326,0.04152868571428572
amcl_scan_callback,150,150,0.0064535,,0.10332666666666666,0.004484945333333333
mppi_noise_generation,196,195,0.004708599999999999,,0.040102564102564096,0.003047324615384615
velocity_command_callback,196,196,1.74e-05,,0.021632653061224492,5.751989795918367e-05
collision_check,181,180,0.0009203,,0.16410555555555556,0.000776697777777778
controller_path_install,48,48,0.0004197,,0.15620833333333334,0.00040744583333333337
