node,kind,source,activation_model,configured_periods_ms,clock_types,binding_generations,samples,C_cpu_mean_ms,C_cpu_std_ms,C_cpu_min_ms,C_cpu_observed_max_ms,elapsed_mean_ms
/amcl,subscription,/bond,A: message-triggered,[],[],57,4401644,0.004304184050323011,0.013569453329738565,0.0003,4.2526,0.005852054983319866
/amcl,subscription,/clock,A: message-triggered,[],[],57,5127367,0.004259290860201731,0.0057995122803845695,0.0006,3.4425,0.005535403629777227
/amcl,subscription,/parameter_events,A: message-triggered,[],[],57,399,0.0022686716791979946,0.003475614401413295,0.0004,0.0649,0.0035243082706766914
/amcl,subscription,/scan,A: message-triggered,[],[],57,77369,4.853855869922062,0.9551058810516501,0.0695,19.9869,5.173202851891582
/amcl,subscription,/tf,A: message-triggered,[],[],57,722134,0.008043291965203129,0.02708362407322328,0.0009,5.8542,0.008664295335768705
/amcl,timer,timer,P while armed; dynamic timer lifetimes are event-driven,"[100.0, 2000.0]",[3],114,192616,0.5072644842588362,0.2787078057058138,0.0003,11.3295,0.5828297661824564
/behavior_server,subscription,/bond,A: message-triggered,[],[],57,4401648,0.004631482004013042,0.013986716131516542,0.0004,3.9231,0.006314874165766997
/behavior_server,subscription,/clock,A: message-triggered,[],[],57,5114211,0.03464662011403126,0.029899186261521937,0.001,11.2406,0.040696346080167645
/behavior_server,subscription,/local_costmap/costmap_raw,A: message-triggered,[],[],57,26991,0.003968211626097589,0.00809466115999406,0.0008,1.1682,0.005503025786373236
/behavior_server,subscription,/local_costmap/published_footprint,A: message-triggered,[],[],57,91710,0.004694187111547271,0.00495036023776565,0.0006,0.5216,0.006390131774070439
/behavior_server,subscription,/parameter_events,A: message-triggered,[],[],57,399,0.0039150375939849625,0.02071752406667739,0.0004,0.3532,0.0053098546365914785
/behavior_server,subscription,/tf,A: message-triggered,[],[],57,722134,0.007984918726995267,0.009866203270987667,0.001,3.6109,0.008586430799546897
/behavior_server,timer,timer,P while armed; dynamic timer lifetimes are event-driven,"[100.0, 2000.0]",[3],114,192607,0.515653883296038,0.27767995662606654,0.0004,9.1562,0.6053885928548808
/bt_navigator,subscription,/bond,A: message-triggered,[],[],57,4401649,0.004790457235458805,0.014418861420991127,0.0004,4.6138,0.0062886782869329225
/bt_navigator,subscription,/clock,A: message-triggered,[],[],57,5124970,0.005154708749514632,0.008234791530502742,0.0006,12.1765,0.006421456882869553
/bt_navigator,subscription,/odom,A: message-triggered,[],[],57,429825,0.007069950095969288,0.007279297453258741,0.0026,1.4277,0.007640421085325428
/bt_navigator,subscription,/parameter_events,A: message-triggered,[],[],57,399,0.002265664160401003,0.0012397718210765281,0.0005,0.0103,0.003422363408521303
/bt_navigator,subscription,/tf,A: message-triggered,[],[],57,722134,0.008412187211791718,0.00952884545139954,0.001,3.247,0.009135131479753067
/bt_navigator,timer,timer,P while armed; dynamic timer lifetimes are event-driven,"[100.0, 2000.0]",[3],114,192547,0.5561837821415031,0.29095026023806964,0.0004,7.534,0.6282637588796502
/bt_navigator_navigate_through_poses_rclcpp_node,subscription,/clock,A: message-triggered,[],[],57,5128830,0.004742284595122083,0.006355480642902853,0.0007,5.4358,0.0062645309088037535
/bt_navigator_navigate_to_pose_rclcpp_node,subscription,/clock,A: message-triggered,[],[],57,5123921,0.004149278218770357,0.008945043841822823,0.0007,13.5265,0.005458209461074836
/collision_monitor,subscription,/bond,A: message-triggered,[],[],57,4399007,0.003638815123504006,0.012043883045341356,0.0003,4.8858,0.0050565565951588565
/collision_monitor,subscription,/clock,A: message-triggered,[],[],57,5127974,0.004561657898421483,0.005874569176534511,0.0007,4.6327,0.0059049207622737555
/collision_monitor,subscription,/cmd_vel_smoothed,A: message-triggered,[],[],57,366193,0.6204428681050701,0.20797226530975463,0.1846,13.5631,26.858445689103842
/collision_monitor,subscription,/local_costmap/published_footprint,A: message-triggered,[],[],57,91703,0.004038176504585457,0.004371660663628765,0.0006,0.4049,0.005078586872839493
/collision_monitor,subscription,/parameter_events,A: message-triggered,[],[],57,399,0.0029741854636591483,0.0025917457448055765,0.0004,0.0333,0.004470190476190476
/collision_monitor,subscription,/scan,A: message-triggered,[],[],57,77365,0.0038068183287016093,0.0043161431555800295,0.0013,0.5793,0.004299130847282362
/collision_monitor,subscription,/tf,A: message-triggered,[],[],57,722135,0.008821651630235338,0.009023872426046145,0.0011,2.392,0.009576905084229412
/collision_monitor,timer,timer,P while armed; dynamic timer lifetimes are event-driven,"[100.0, 2000.0]",[3],114,192581,0.5385021772656701,0.2852147206345381,0.0003,10.1859,0.6104183180168343
/controller_server,subscription,/bond,A: message-triggered,[],[],57,4401648,0.0045745559844858116,0.014271459588218755,0.0003,5.7731,0.006000355472768385
/controller_server,subscription,/clock,A: message-triggered,[],[],57,5124426,0.0051286780997520445,0.006000573032392034,0.0006,2.309,0.006381422166111881
/controller_server,subscription,/odom,A: message-triggered,[],[],57,429825,0.004147641481998491,0.005597723865865939,0.0015,1.0456,0.0046706432873844
/controller_server,subscription,/parameter_events,A: message-triggered,[],[],57,399,0.0023223057644110273,0.002339990700651937,0.0003,0.0405,0.0033775137844611522
/controller_server,timer,timer,P while armed; dynamic timer lifetimes are event-driven,"[100.0, 2000.0]",[3],114,192610,0.5024001900212867,0.2742031311635027,0.0003,11.8828,0.5785309354706406
/docking_server,subscription,/bond,A: message-triggered,[],[],57,4397869,0.004457601874908051,0.013497688734742315,0.0004,4.5935,0.005808380497463657
/docking_server,subscription,/clock,A: message-triggered,[],[],57,5121577,0.04843135561566283,0.03461287250772617,0.0006,12.63,0.0500867979571527
/docking_server,subscription,/local_costmap/costmap_raw,A: message-triggered,[],[],57,26991,0.003716142417842985,0.003649009451833224,0.0008,0.2063,0.004779601237449521
/docking_server,subscription,/local_costmap/published_footprint,A: message-triggered,[],[],57,91710,0.004173340966088757,0.006458082396725721,0.0007,1.356,0.0056309574310326035
/docking_server,subscription,/parameter_events,A: message-triggered,[],[],57,399,0.0021253132832080197,0.0035662059621425542,0.0005,0.0573,0.0030544110275689228
/docking_server,subscription,/tf,A: message-triggered,[],[],57,721602,0.011065249541991286,0.011118721898277926,0.0008,2.822,0.01170166231385168
/docking_server,subscription,/tf_static,A: message-triggered,[],[],57,57,0.04667894736842105,0.022541024004199425,0.0192,0.1525,0.04911508771929825
/docking_server,timer,timer,P while armed; dynamic timer lifetimes are event-driven,"[100.0, 2000.0]",[3],114,192351,0.5390523355740287,0.2908590021507772,0.0004,10.0948,0.6266924159947183
/global_costmap/global_costmap,subscription,/clock,A: message-triggered,[],[],57,5126454,0.005568407480102229,0.007632799441343178,0.0006,8.3349,0.006980863236069227
/global_costmap/global_costmap,subscription,/parameter_events,A: message-triggered,[],[],57,399,0.0027859649122807025,0.007638135181707779,0.0004,0.1466,0.004468443609022557
/global_costmap/global_costmap,subscription,/scan,A: message-triggered,[],[],57,77369,0.13018335896806207,0.053282953278996514,0.0387,2.4364,0.13208546304075275
/lifecycle_manager_localization,service,/lifecycle_manager_localization/is_active,A: request-triggered,[],[],57,57,0.0029807017543859644,0.0014064187799020435,0.0014,0.011,0.004270701754385963
/lifecycle_manager_localization,subscription,/bond,A: message-triggered,[],[],114,8803292,0.003842463432997562,0.013822175295880658,0.0002,7.1232,0.005361229607060635
/lifecycle_manager_localization,subscription,/clock,A: message-triggered,[],[],57,5124126,0.004713543929247646,0.006274939484272412,0.0006,4.1226,0.005987993193961265
/lifecycle_manager_localization,subscription,/parameter_events,A: message-triggered,[],[],57,399,0.002554385964912281,0.0014677006806030725,0.0003,0.0122,0.003873213032581455
/lifecycle_manager_localization,timer,timer,P while armed; dynamic timer lifetimes are event-driven,"[100.0, 200.0, 1000.0, 2000.0]","[1, 3]",342,492423,0.39037578504659615,0.31102941919831817,0.0002,8.4608,0.4426710475302739
/lifecycle_manager_navigation,service,/lifecycle_manager_navigation/is_active,A: request-triggered,[],[],57,57,0.0025596491228070174,0.0013947426348770798,0.0013,0.0101,0.0032991929824561406
/lifecycle_manager_navigation,subscription,/bond,A: message-triggered,[],[],570,44010742,0.0033332162361634356,0.012276386776404769,0.0003,9.7938,0.004945622442198316
/lifecycle_manager_navigation,subscription,/clock,A: message-triggered,[],[],57,5125314,0.004634984510217325,0.0055654067272231655,0.0008,2.9724,0.0058228269142144296
/lifecycle_manager_navigation,subscription,/parameter_events,A: message-triggered,[],[],57,399,0.002567669172932331,0.0038809070497075058,0.0004,0.0759,0.0071869598997493745
/lifecycle_manager_navigation,timer,timer,P while armed; dynamic timer lifetimes are event-driven,"[100.0, 200.0, 1000.0, 2000.0]","[1, 3]",1254,2032524,0.49311279670006347,0.2793689303548912,0.0003,22.226,0.6772071245658108
/local_costmap/local_costmap,subscription,/clock,A: message-triggered,[],[],57,5125775,0.0048409963371392525,0.006469303111327867,0.0006,6.6977,0.00608463547795211
/local_costmap/local_costmap,subscription,/parameter_events,A: message-triggered,[],[],57,399,0.0024390977443609022,0.002604494605237932,0.0004,0.0437,0.003595195488721804
/local_costmap/local_costmap,subscription,/scan,A: message-triggered,[],[],57,77368,0.12238811007134737,0.05062436981934653,0.0317,2.7382,0.12581183815013963
/map_server,subscription,/bond,A: message-triggered,[],[],57,4401648,0.0042081165508918465,0.014610811011234936,0.0003,6.3224,0.005708448322991756
/map_server,subscription,/clock,A: message-triggered,[],[],57,5126201,0.003915955363435801,0.005485774421070998,0.0006,2.7046,0.005193751344124041
/map_server,subscription,/parameter_events,A: message-triggered,[],[],57,399,0.0022837092731829577,0.0021089925375177955,0.0003,0.0353,0.0033910300751879706
/map_server,timer,timer,P while armed; dynamic timer lifetimes are event-driven,"[100.0, 2000.0]",[3],114,192613,0.5029455005633056,0.27153505908811093,0.0003,11.9216,0.5787446397283673
/nav2_container,subscription,/parameter_events,A: message-triggered,[],[],57,57,0.004128070175438598,0.007357376142978772,0.0011,0.0575,0.006060912280701756
/nav2_rviz_docking_panel_node,subscription,/clock,A: message-triggered,[],[],57,5077852,0.004180747469599344,0.006748797667894972,0.0006,4.8268,0.005515361803179773
/nav2_rviz_selector_node,subscription,/clock,A: message-triggered,[],[],57,5093293,0.005365011044917298,0.008155372962448197,0.0006,9.257,0.007007826333572397
/planner_server,subscription,/bond,A: message-triggered,[],[],57,4401651,0.004420227887217765,0.013862206631561406,0.0003,6.2817,0.00587840896427273
/planner_server,subscription,/clock,A: message-triggered,[],[],57,5114945,0.030190028240772826,0.023855223296846504,0.0008,6.7451,0.031784993705308684
/planner_server,subscription,/parameter_events,A: message-triggered,[],[],57,399,0.002764160401002506,0.00658536856447578,0.0003,0.1168,0.00391178947368421
/planner_server,timer,timer,P while armed; dynamic timer lifetimes are event-driven,"[100.0, 2000.0]",[3],114,192606,0.5080516510389084,0.27334341404365,0.0003,7.0668,0.5656231223897495
/robot_state_publisher,subscription,/clock,A: message-triggered,[],[],57,5012691,0.005992201793407975,0.00878630088106076,0.0005,3.9086,0.0076712861969748325
/robot_state_publisher,subscription,/joint_states,A: message-triggered,[],[],57,429844,0.0958351415862499,0.1000874824557618,0.0063,5.9908,0.11323307855873294
/robot_state_publisher,subscription,/parameter_events,A: message-triggered,[],[],114,798,0.002712781954887218,0.0032934956666852418,0.0003,0.0498,0.0037274937343358397
/ros_gz_bridge,subscription,/clock,A: message-triggered,[],[],57,5106264,0.006850877608364932,0.010765374990668092,0.0005,4.6481,0.008695729129359548
/ros_gz_bridge,subscription,/cmd_vel,A: message-triggered,[],[],57,366162,0.06631782353166087,0.04385431391854784,0.0031,5.8559,0.06802818972203563
/ros_gz_bridge,subscription,/parameter_events,A: message-triggered,[],[],57,399,0.002659398496240601,0.00152053139319324,0.0004,0.0189,0.009113328320802003
/ros_gz_bridge,timer,timer,P while armed; dynamic timer lifetimes are event-driven,[1000.0],[3],57,18345,0.0035300354319978194,0.0037190844439792424,0.0012,0.2022,0.00408342049604797
/route_server,subscription,/bond,A: message-triggered,[],[],57,4401647,0.004472629336246181,0.013805057278861603,0.0003,5.7202,0.006010542568952028
/route_server,subscription,/clock,A: message-triggered,[],[],57,5121822,0.04904560470863685,0.0347828243031704,0.0009,8.1258,0.05078282908914051
/route_server,subscription,/global_costmap/costmap_raw,A: message-triggered,[],[],57,9177,0.005346442192437615,0.004144186460937143,0.0013,0.1461,0.007227017325923505
/route_server,subscription,/local_costmap/costmap_raw,A: message-triggered,[],[],57,26990,0.004714690626157835,0.007448553067387336,0.001,0.7029,0.006168398962578734
/route_server,subscription,/parameter_events,A: message-triggered,[],[],57,399,0.002281954887218045,0.0013617994258890266,0.0004,0.0129,0.0033764335839599
/route_server,subscription,/tf,A: message-triggered,[],[],57,722133,0.008532902110829996,0.00927816400210883,0.001,2.3902,0.00912869242923395
/route_server,timer,timer,P while armed; dynamic timer lifetimes are event-driven,"[100.0, 2000.0]",[3],114,192600,0.49181418743509875,0.2596617827397755,0.0004,6.0788,0.5724730288940808
/rviz,subscription,/clock,A: message-triggered,[],[],57,5084070,0.005407454421359269,0.010822937070779522,0.0005,11.2062,0.006917782732731841
/rviz,subscription,/global_costmap/costmap,A: message-triggered,[],[],57,9176,0.03923438317349606,0.026984248028187323,0.0059,0.9478,0.04144775544899738
/rviz,subscription,/local_costmap/costmap,A: message-triggered,[],[],57,26991,0.027540728390945127,0.02427845570733761,0.0053,1.1818,0.028693311214849394
/rviz,subscription,/local_costmap/published_footprint,A: message-triggered,[],[],57,83434,0.04187505573267493,0.032545849621236175,0.0078,2.343,0.043732779046911356
/rviz,subscription,/navigate_through_poses/_action/feedback,A: message-triggered,[],[],57,145172,0.055399000495963406,0.03097192207104558,0.0136,2.4815,0.05896224048025791
/rviz,subscription,/navigate_through_poses/_action/status,A: message-triggered,[],[],57,62,0.06663548387096771,0.047947926318941264,0.017,0.3302,0.06778529032258061
/rviz,subscription,/parameter_events,A: message-triggered,[],[],57,36151,0.0041641642001604365,0.004311478470737423,0.0016,0.3349,0.005892543774722692
/rviz,subscription,/particle_cloud,A: message-triggered,[],[],57,74004,0.03402635803470083,0.03012889352103615,0.0091,3.7206,0.03587802676882332
/rviz,subscription,/plan,A: message-triggered,[],[],57,17418,0.039522539901251576,0.025760358855273325,0.0082,1.1282,0.040997462969342056
/rviz,subscription,/scan,A: message-triggered,[],[],57,74300,0.03338711709286676,0.025764165104046038,0.0097,1.8308,0.03492903662180351
/rviz_navigation_dialog_action_client,subscription,/clock,A: message-triggered,[],[],57,5081730,0.004338417468066977,0.005922115778928068,0.0006,2.2373,0.0056305001300738155
/smoother_server,subscription,/bond,A: message-triggered,[],[],57,4401644,0.004353352588260206,0.013082302716226195,0.0003,2.9262,0.005794830926353885
/smoother_server,subscription,/clock,A: message-triggered,[],[],57,5125718,0.03045243526858087,0.024087807559411464,0.0008,6.2383,0.032100553729643294
/smoother_server,subscription,/global_costmap/costmap_raw,A: message-triggered,[],[],57,9177,0.00538989865969271,0.0039052193519955682,0.0011,0.1487,0.006987223929388689
/smoother_server,subscription,/global_costmap/published_footprint,A: message-triggered,[],[],57,18345,0.005259858272008721,0.0055103348151396775,0.0021,0.3153,0.006901596674843281
/smoother_server,subscription,/parameter_events,A: message-triggered,[],[],57,399,0.0024854636591478702,0.0029809511185043287,0.0004,0.0419,0.0035555964912280702
/smoother_server,subscription,/tf,A: message-triggered,[],[],57,722134,0.009149126062475935,0.008825841222021433,0.001,2.0628,0.009779071911861234
/smoother_server,timer,timer,P while armed; dynamic timer lifetimes are event-driven,"[100.0, 2000.0]",[3],114,192610,0.4963921141166088,0.2684538830651219,0.0004,11.1864,0.5721130223923991
/transform_listener_impl_55559233f600,subscription,/clock,A: message-triggered,[],[],1,88794,0.003845121291979215,0.0037285747818066838,0.0007,0.2769,0.00520071637723262
/transform_listener_impl_55559233f600,subscription,/tf,A: message-triggered,[],[],1,12663,0.01365595040669667,0.022758123568732063,0.0013,0.6253,0.014947561241411937
/transform_listener_impl_555592c45180,subscription,/clock,A: message-triggered,[],[],1,88971,0.004473120454979727,0.005857463292508741,0.0007,0.7354,0.0059732921064166436
/transform_listener_impl_555592c45180,subscription,/tf,A: message-triggered,[],[],1,12663,0.013034999605148818,0.009188583771422617,0.001,0.2829,0.013965291479112374
/transform_listener_impl_555b48e4b410,subscription,/clock,A: message-triggered,[],[],1,88760,0.004173462145110379,0.0058080820191044715,0.0006,0.7106,0.005527641888237916
/transform_listener_impl_555b48e4b410,subscription,/tf,A: message-triggered,[],[],1,12641,0.013115180761015767,0.020796714300512702,0.0014,0.4669,0.013818786330195312
/transform_listener_impl_555b496ffc60,subscription,/clock,A: message-triggered,[],[],1,88924,0.0043580866807610774,0.006308566800706563,0.0007,1.2754,0.0058654857968603044
/transform_listener_impl_555b496ffc60,subscription,/tf,A: message-triggered,[],[],1,12641,0.013124151570287129,0.009112988524721637,0.0014,0.285,0.013797598845028111
/transform_listener_impl_5563df9cc970,subscription,/tf,A: message-triggered,[],[],1,12672,0.018170557133838507,0.03146564082222292,0.0019,0.6671,0.018868436947600934
/transform_listener_impl_556fa3d43870,subscription,/clock,A: message-triggered,[],[],1,88961,0.0042719641191083695,0.007958783653890368,0.0007,0.9422,0.005882668630073857
/transform_listener_impl_556fa3d43870,subscription,/tf,A: message-triggered,[],[],1,12677,0.013983268912203273,0.021849103119861442,0.0011,0.4872,0.014652704583103183
/transform_listener_impl_556fa46499d0,subscription,/clock,A: message-triggered,[],[],1,89088,0.004497064700071881,0.006506990262148964,0.0007,0.9947,0.006113708479256493
/transform_listener_impl_556fa46499d0,subscription,/tf,A: message-triggered,[],[],1,12677,0.013668880649996063,0.01325377609349663,0.0013,0.7337,0.014324093397491515
/transform_listener_impl_5571105fad30,subscription,/clock,A: message-triggered,[],[],1,88886,0.004439936547937726,0.0038778834156778645,0.0007,0.3324,0.005769392075242461
/transform_listener_impl_5571105fad30,subscription,/tf,A: message-triggered,[],[],1,12680,0.012236735015772916,0.017236283483397098,0.0011,0.6568,0.012873021608832745
/transform_listener_impl_557110dd7250,subscription,/clock,A: message-triggered,[],[],1,89073,0.00442237266062674,0.010350827585801923,0.0006,2.7146,0.005865951410640685
/transform_listener_impl_557110dd7250,subscription,/tf,A: message-triggered,[],[],1,12680,0.013223832807570978,0.05270038421033108,0.0013,5.8573,0.013879203706624658
/transform_listener_impl_5573f16b4b70,subscription,/clock,A: message-triggered,[],[],1,89059,0.003979927912956549,0.00491275816482128,0.0007,0.724,0.005603214588082089
/transform_listener_impl_5573f16b4b70,subscription,/tf,A: message-triggered,[],[],1,12687,0.012920201781350938,0.020047254226958803,0.0013,0.5079,0.013602373926066154
/transform_listener_impl_5573f1faaa50,subscription,/clock,A: message-triggered,[],[],1,89172,0.004751226842506588,0.005664573064661004,0.0006,0.8711,0.006205103877898916
/transform_listener_impl_5573f1faaa50,subscription,/tf,A: message-triggered,[],[],1,12687,0.012728146922046183,0.009479323394998688,0.0012,0.4586,0.013404189564120735
/transform_listener_impl_55792bba3a70,subscription,/clock,A: message-triggered,[],[],1,89513,0.0037771865539083984,0.005381916589049159,0.0006,0.8963,0.0051453997519913044
/transform_listener_impl_55792bba3a70,subscription,/tf,A: message-triggered,[],[],1,12659,0.012206967374990165,0.018366122124517176,0.0013,0.6217,0.012886721620981144
/transform_listener_impl_55792c3d5980,subscription,/clock,A: message-triggered,[],[],1,89574,0.004321718355772889,0.006387113526214486,0.0007,0.8164,0.0058246271016143105
/transform_listener_impl_55792c3d5980,subscription,/tf,A: message-triggered,[],[],1,12659,0.012708136503673327,0.01459647249027767,0.0011,1.2501,0.013331642546804651
/transform_listener_impl_557a4b6d3650,subscription,/clock,A: message-triggered,[],[],1,88863,0.003638500838369141,0.004928039901095766,0.0007,0.6689,0.004889058888401215
/transform_listener_impl_557a4b6d3650,subscription,/tf,A: message-triggered,[],[],1,12664,0.012795546430827576,0.019505381906171133,0.0012,0.4448,0.013467258607075183
/transform_listener_impl_557a4bfedcd0,subscription,/clock,A: message-triggered,[],[],1,89023,0.004388287296541415,0.00871784894970423,0.0007,2.3199,0.005846080080428592
/transform_listener_impl_557a4bfedcd0,subscription,/tf,A: message-triggered,[],[],1,12664,0.01296749842072019,0.01562121945381327,0.0014,1.4306,0.013577265871762535
/transform_listener_impl_557ace106530,subscription,/clock,A: message-triggered,[],[],1,89655,0.003575172606101157,0.005507387991786049,0.0006,1.263,0.004806607082705939
/transform_listener_impl_557ace106530,subscription,/tf,A: message-triggered,[],[],1,12661,0.012430092409762271,0.01949033165507037,0.0013,0.5546,0.013245623173525033
/transform_listener_impl_557ace9922a0,subscription,/clock,A: message-triggered,[],[],1,89712,0.00430409198323526,0.01831311475039462,0.0006,5.2324,0.005895180310326381
/transform_listener_impl_557ace9922a0,subscription,/tf,A: message-triggered,[],[],1,12661,0.01235140194297445,0.013148919451804412,0.0011,0.9042,0.012935362688571166
/transform_listener_impl_557d0be398b0,subscription,/clock,A: message-triggered,[],[],1,88989,0.003879318792210245,0.004426916203334889,0.0007,0.5382,0.0052849678162469145
/transform_listener_impl_557d0be398b0,subscription,/tf,A: message-triggered,[],[],1,12662,0.013249747275311911,0.020850324909372872,0.0012,0.5125,0.01389683920391719
/transform_listener_impl_557d0c7ae130,subscription,/clock,A: message-triggered,[],[],1,89187,0.004255297296691254,0.004470417499449196,0.0007,0.4771,0.005544532925202066
/transform_listener_impl_557d0c7ae130,subscription,/tf,A: message-triggered,[],[],1,12662,0.012593776654556946,0.009143404237768256,0.0013,0.2872,0.013185849470857732
/transform_listener_impl_557f1d315b90,subscription,/clock,A: message-triggered,[],[],1,89571,0.0036274876913286527,0.005600343647802899,0.0005,0.8587,0.0049468786102645065
/transform_listener_impl_557f1d315b90,subscription,/tf,A: message-triggered,[],[],1,12678,0.013067266130304463,0.029806430171968504,0.0014,1.7078,0.013685355339959038
/transform_listener_impl_557f1dc005f0,subscription,/clock,A: message-triggered,[],[],1,89770,0.004335184360031214,0.004154302389553224,0.0007,0.4428,0.005855835078533942
/transform_listener_impl_557f1dc005f0,subscription,/tf,A: message-triggered,[],[],1,12678,0.012342759110269762,0.010264371098897114,0.0013,0.5861,0.012936227165168018
/transform_listener_impl_5584a5f11f80,subscription,/clock,A: message-triggered,[],[],1,89714,0.0037165035557438033,0.00397610334373291,0.0006,0.3553,0.005119803497781887
/transform_listener_impl_5584a5f11f80,subscription,/tf,A: message-triggered,[],[],1,12675,0.012712394477317514,0.021163265048289467,0.0013,0.7147,0.013350511321499033
/transform_listener_impl_5584a6829e60,subscription,/clock,A: message-triggered,[],[],1,89705,0.0044177359121565386,0.005759361901402232,0.0007,1.0277,0.005814889259238633
/transform_listener_impl_5584a6829e60,subscription,/tf,A: message-triggered,[],[],1,12675,0.012323637080867818,0.010586973508706575,0.0013,0.4173,0.013009659487179463
/transform_listener_impl_55868b773340,subscription,/clock,A: message-triggered,[],[],1,88874,0.0038647827261066494,0.005492922855354804,0.0007,0.7478,0.005326186533744315
/transform_listener_impl_55868b773340,subscription,/tf,A: message-triggered,[],[],1,12645,0.013292597864768678,0.020008636554973022,0.0013,0.6759,0.013985772637406102
/transform_listener_impl_55868bfd2d50,subscription,/clock,A: message-triggered,[],[],1,89029,0.0044338575071044125,0.005008059229503844,0.0007,0.6564,0.005893770849947837
/transform_listener_impl_55868bfd2d50,subscription,/tf,A: message-triggered,[],[],1,12645,0.013044128113879012,0.010305966552266491,0.0012,0.4099,0.013701513325425132
/transform_listener_impl_5588ee30f2c0,subscription,/clock,A: message-triggered,[],[],1,88685,0.0038362665614252575,0.0042505368304394595,0.0007,0.5569,0.005247891616395105
/transform_listener_impl_5588ee30f2c0,subscription,/tf,A: message-triggered,[],[],1,12666,0.012758147797252532,0.018137500318858923,0.0014,0.5006,0.01344873322280118
/transform_listener_impl_5588eed03ef0,subscription,/clock,A: message-triggered,[],[],1,88760,0.004618045290671412,0.006215813327485077,0.0007,1.1222,0.0062961431275349025
/transform_listener_impl_5588eed03ef0,subscription,/tf,A: message-triggered,[],[],1,12666,0.012565837675667098,0.014916348635297219,0.0011,1.3355,0.013326784857097736
/transform_listener_impl_558b16d23e20,subscription,/clock,A: message-triggered,[],[],1,88956,0.003919345519133033,0.006431932675981428,0.0007,1.1438,0.005262773888214453
/transform_listener_impl_558b16d23e20,subscription,/tf,A: message-triggered,[],[],1,12645,0.012595610913404508,0.017437606326403607,0.0012,0.867,0.01342653807829184
/transform_listener_impl_558b17585fc0,subscription,/clock,A: message-triggered,[],[],1,88909,0.004858309057575632,0.004369171961812194,0.0007,0.4465,0.006420103105422378
/transform_listener_impl_558b17585fc0,subscription,/tf,A: message-triggered,[],[],1,12645,0.01311553973902726,0.01293268079542112,0.0013,0.6968,0.013811204191379982
/transform_listener_impl_559382959b80,subscription,/clock,A: message-triggered,[],[],1,89146,0.0039419233616763225,0.006281636676368552,0.0007,1.3996,0.0052260174208601205
/transform_listener_impl_559382959b80,subscription,/tf,A: message-triggered,[],[],1,12701,0.012681190457444284,0.019807064190397922,0.0012,0.675,0.013379408235572054
/transform_listener_impl_5593831bd950,subscription,/clock,A: message-triggered,[],[],1,89246,0.004316675257154364,0.004854166708878594,0.0006,0.7445,0.005904362694126383
/transform_listener_impl_5593831bd950,subscription,/tf,A: message-triggered,[],[],1,12701,0.012540957404928707,0.012983963076119853,0.0013,1.0392,0.013220149594520076
/transform_listener_impl_559398a338d0,subscription,/tf,A: message-triggered,[],[],1,12637,0.016547186832317855,0.027276022208220067,0.0012,0.5429,0.017367768220305495
/transform_listener_impl_5597257e73b0,subscription,/clock,A: message-triggered,[],[],1,88929,0.004101004171867449,0.005209400411613426,0.0007,1.0237,0.005399376986135024
/transform_listener_impl_5597257e73b0,subscription,/tf,A: message-triggered,[],[],1,12657,0.012496989808011354,0.019762381169547698,0.0012,0.5683,0.013273313976455696
/transform_listener_impl_5597260de3f0,subscription,/clock,A: message-triggered,[],[],1,89073,0.004358677713785353,0.004466508699478249,0.0006,0.466,0.005851012809717942
/transform_listener_impl_5597260de3f0,subscription,/tf,A: message-triggered,[],[],1,12657,0.012570395828395324,0.009415431346953045,0.0014,0.3275,0.01331145974559535
/transform_listener_impl_559b10e7e8e0,subscription,/clock,A: message-triggered,[],[],1,88851,0.004011207527208363,0.006375089198660419,0.0006,1.2684,0.0052355513162485375
/transform_listener_impl_559b10e7e8e0,subscription,/tf,A: message-triggered,[],[],1,12679,0.013283232116097547,0.022376276677293326,0.0012,0.6903,0.014150130451928377
/transform_listener_impl_559b11735a30,subscription,/clock,A: message-triggered,[],[],1,88990,0.004479620182042899,0.004483879234490465,0.0007,0.367,0.005876141656365912
/transform_listener_impl_559b11735a30,subscription,/tf,A: message-triggered,[],[],1,12679,0.012787010016562825,0.009867613957673762,0.0012,0.3693,0.013521802034860806
/transform_listener_impl_55a6e930abc0,subscription,/clock,A: message-triggered,[],[],1,88872,0.003959979521109068,0.006535261359987115,0.0007,1.4765,0.005188162210820019
/transform_listener_impl_55a6e930abc0,subscription,/tf,A: message-triggered,[],[],1,12650,0.013011430830039528,0.019130158773769283,0.0011,0.7969,0.013872708853754929
/transform_listener_impl_55a6e9b301c0,subscription,/clock,A: message-triggered,[],[],1,88980,0.004464666217127394,0.00568643836892063,0.0007,0.6782,0.006001498022027375
/transform_listener_impl_55a6e9b301c0,subscription,/tf,A: message-triggered,[],[],1,12650,0.013272703557312292,0.012057128830853272,0.0011,0.7682,0.01396908980237155
/transform_listener_impl_55a834e3c3f0,subscription,/clock,A: message-triggered,[],[],1,89576,0.0038495768955970756,0.006940103911279052,0.0006,0.9365,0.005477304545860547
/transform_listener_impl_55a834e3c3f0,subscription,/tf,A: message-triggered,[],[],1,12659,0.012695394580930544,0.01970801184498261,0.0012,0.5509,0.013357223082391952
/transform_listener_impl_55a835646290,subscription,/clock,A: message-triggered,[],[],1,89568,0.004424804617720621,0.005978636909470681,0.0006,0.6658,0.0059129077125759325
/transform_listener_impl_55a835646290,subscription,/tf,A: message-triggered,[],[],1,12659,0.012820341259183196,0.009393971485933942,0.0012,0.2137,0.013458445532822475
/transform_listener_impl_55b2c40370f0,subscription,/clock,A: message-triggered,[],[],1,89013,0.003920505993506614,0.00567087187375083,0.0007,1.1114,0.005308933751249839
/transform_listener_impl_55b2c40370f0,subscription,/tf,A: message-triggered,[],[],1,12693,0.013394666351532315,0.032975902475892764,0.0009,2.7838,0.014068248168281741
/transform_listener_impl_55b2c4952be0,subscription,/clock,A: message-triggered,[],[],1,89109,0.004266481500185117,0.005900979388059562,0.0006,0.9146,0.005836813441964304
/transform_listener_impl_55b2c4952be0,subscription,/tf,A: message-triggered,[],[],1,12693,0.012869636807689287,0.008155105564714792,0.0013,0.1611,0.01352969069565907
/transform_listener_impl_55b56abee590,subscription,/clock,A: message-triggered,[],[],1,88786,0.0038248090915234457,0.004534247325219856,0.0007,0.4601,0.005353867580474448
/transform_listener_impl_55b56abee590,subscription,/tf,A: message-triggered,[],[],1,12666,0.01346056371387967,0.02116464439229432,0.0011,0.7637,0.01417328714669197
/transform_listener_impl_55b56b48fbc0,subscription,/clock,A: message-triggered,[],[],1,88951,0.004415940236759591,0.005735609279693997,0.0007,1.0199,0.006036737552135459
/transform_listener_impl_55b56b48fbc0,subscription,/tf,A: message-triggered,[],[],1,12666,0.013009955787146739,0.008920322634749992,0.0012,0.2119,0.013853597820937943
/transform_listener_impl_55bcad141ec0,subscription,/clock,A: message-triggered,[],[],1,89229,0.0038064295240336646,0.003806366518097122,0.0005,0.3909,0.005056490658866467
/transform_listener_impl_55bcad141ec0,subscription,/tf,A: message-triggered,[],[],1,12674,0.012563989269370388,0.016113678524153924,0.0015,0.4651,0.01322961511756345
/transform_listener_impl_55bcad9ae930,subscription,/clock,A: message-triggered,[],[],1,89341,0.004478943598124077,0.006259125962101714,0.0007,1.2792,0.006071602366214845
/transform_listener_impl_55bcad9ae930,subscription,/tf,A: message-triggered,[],[],1,12674,0.012587423070853736,0.008543208973923166,0.0014,0.2807,0.013391514833517451
/transform_listener_impl_55c050e789b0,subscription,/clock,A: message-triggered,[],[],1,88667,0.003954840019398448,0.004304630113832007,0.0006,0.3222,0.005349783448182418
/transform_listener_impl_55c050e789b0,subscription,/tf,A: message-triggered,[],[],1,12652,0.012973901359468815,0.02167913168899485,0.0013,1.1008,0.013706329513120426
/transform_listener_impl_55c051777180,subscription,/clock,A: message-triggered,[],[],1,88734,0.004286416706110369,0.0050301745756531745,0.0007,0.9606,0.0057204495571032575
/transform_listener_impl_55c051777180,subscription,/tf,A: message-triggered,[],[],1,12652,0.012963096743597892,0.013061515013286312,0.0013,1.0695,0.013647130730319285
/transform_listener_impl_55c6691b2d50,subscription,/clock,A: message-triggered,[],[],1,88825,0.003807250211089224,0.0043945533196677235,0.0007,0.3428,0.005197761305938615
/transform_listener_impl_55c6691b2d50,subscription,/tf,A: message-triggered,[],[],1,12671,0.013501570515350038,0.021963758012725744,0.001,0.664,0.014401164706810883
/transform_listener_impl_55c6699c4c00,subscription,/clock,A: message-triggered,[],[],1,88983,0.004467832057808856,0.00525424929255884,0.0007,0.4347,0.006027663014283617
/transform_listener_impl_55c6699c4c00,subscription,/tf,A: message-triggered,[],[],1,12671,0.012846902375503124,0.010076195802792553,0.0011,0.465,0.013671348038828813
/transform_listener_impl_55c99f144580,subscription,/clock,A: message-triggered,[],[],1,89051,0.0040396132553256435,0.005614531199226886,0.0007,1.0381,0.00546166154226231
/transform_listener_impl_55c99f144580,subscription,/tf,A: message-triggered,[],[],1,12686,0.013186851647485372,0.020613734542338807,0.0013,0.4099,0.01391306913132582
/transform_listener_impl_55c99f9dda80,subscription,/clock,A: message-triggered,[],[],1,89147,0.004637247467665776,0.005450048291644566,0.0007,0.5615,0.006358224135416745
/transform_listener_impl_55c99f9dda80,subscription,/tf,A: message-triggered,[],[],1,12686,0.01304501024751695,0.010562465353859912,0.0012,0.4238,0.013720616979347303
/transform_listener_impl_55cd8b33a5e0,subscription,/clock,A: message-triggered,[],[],1,88836,0.004125131703363477,0.007098545914073518,0.0007,1.6303,0.005559786010175973
/transform_listener_impl_55cd8b33a5e0,subscription,/tf,A: message-triggered,[],[],1,12654,0.01321706970128026,0.02016605499842153,0.0012,0.5226,0.013871414730520094
/transform_listener_impl_55cd8bbd7190,subscription,/clock,A: message-triggered,[],[],1,88884,0.0045849387966337635,0.0053328011943581735,0.0006,0.8933,0.006092087912335215
/transform_listener_impl_55cd8bbd7190,subscription,/tf,A: message-triggered,[],[],1,12654,0.013000410937253046,0.01114219609303462,0.0013,0.7328,0.013637068278805195
/transform_listener_impl_55cf4243e000,subscription,/clock,A: message-triggered,[],[],1,89171,0.003910054838456442,0.005282304271727245,0.0006,1.1008,0.005423732670935658
/transform_listener_impl_55cf4243e000,subscription,/tf,A: message-triggered,[],[],1,12703,0.012635739589073436,0.025032407705608363,0.0011,2.012,0.01333051334330476
/transform_listener_impl_55cf42c9eaa0,subscription,/clock,A: message-triggered,[],[],1,89337,0.0044852681419792215,0.005302112781151484,0.0005,0.5339,0.006063540056191868
/transform_listener_impl_55cf42c9eaa0,subscription,/tf,A: message-triggered,[],[],1,12703,0.012685586082027847,0.014489459546432135,0.0014,0.9427,0.013349343855782108
/transform_listener_impl_55d15e9a4810,subscription,/tf,A: message-triggered,[],[],1,12703,0.01636813351176887,0.02627037548204608,0.0015,0.5584,0.017539611115484518
/transform_listener_impl_55d4c067e7e0,subscription,/clock,A: message-triggered,[],[],1,88674,0.004060393125380628,0.004319570356408327,0.0006,0.5568,0.005307232559713131
/transform_listener_impl_55d4c067e7e0,subscription,/tf,A: message-triggered,[],[],1,12657,0.012819143556924938,0.020594581256790645,0.0012,0.5754,0.01345177814648015
/transform_listener_impl_55d4c0f3c8a0,subscription,/clock,A: message-triggered,[],[],1,88783,0.004363106675827558,0.004903998933138136,0.0007,0.551,0.005832597242715323
/transform_listener_impl_55d4c0f3c8a0,subscription,/tf,A: message-triggered,[],[],1,12657,0.01262926443865056,0.011893998743230829,0.0013,0.909,0.013310510863553802
/transform_listener_impl_55dbc844b720,subscription,/clock,A: message-triggered,[],[],1,89537,0.003776838625372721,0.0035051963619969215,0.0007,0.3184,0.00505746511498041
/transform_listener_impl_55dbc844b720,subscription,/tf,A: message-triggered,[],[],1,12679,0.013050729552803893,0.027580728773559975,0.0013,1.5277,0.013692414938086596
/transform_listener_impl_55dbc8d080e0,subscription,/clock,A: message-triggered,[],[],1,89629,0.0042506599426524305,0.015396244009525403,0.0006,4.3123,0.005773597016590538
/transform_listener_impl_55dbc8d080e0,subscription,/tf,A: message-triggered,[],[],1,12679,0.012728180455871874,0.008842988177397593,0.0015,0.2465,0.013336183058600872
/transform_listener_impl_55df9aadd7f0,subscription,/clock,A: message-triggered,[],[],1,89194,0.004335037110119491,0.00640962863396595,0.0007,0.7819,0.005747428201448543
/transform_listener_impl_55df9aadd7f0,subscription,/tf,A: message-triggered,[],[],1,12675,0.012173735700197209,0.016917964598761624,0.0014,0.6602,0.012881406153846088
/transform_listener_impl_55df9b307b00,subscription,/clock,A: message-triggered,[],[],1,89371,0.004373341464233308,0.007080023854985327,0.0006,1.0522,0.005936652169048167
/transform_listener_impl_55df9b307b00,subscription,/tf,A: message-triggered,[],[],1,12675,0.013367266272189374,0.014943151199619312,0.0014,0.872,0.01404076781065089
/transform_listener_impl_55e2e25ae5d0,subscription,/clock,A: message-triggered,[],[],1,89507,0.0035800384327482524,0.009070106614997181,0.0006,2.4753,0.004826582401376397
/transform_listener_impl_55e2e25ae5d0,subscription,/tf,A: message-triggered,[],[],1,12668,0.012605509946321425,0.02024214981144941,0.0013,0.5729,0.01323301934006948
/transform_listener_impl_55e2e2e7d6b0,subscription,/clock,A: message-triggered,[],[],1,89537,0.004166561309849501,0.004951679153162698,0.0006,0.6267,0.005642487530294667
/transform_listener_impl_55e2e2e7d6b0,subscription,/tf,A: message-triggered,[],[],1,12668,0.012596668771708206,0.011527121592294133,0.0015,0.71,0.013209893195453116
/transform_listener_impl_55e618738940,subscription,/clock,A: message-triggered,[],[],1,88884,0.0039107465910625016,0.0038533436829842416,0.0006,0.3091,0.005337808255703985
/transform_listener_impl_55e618738940,subscription,/tf,A: message-triggered,[],[],1,12671,0.013335806171572862,0.024847813128410327,0.0013,1.1646,0.0141196202351826
/transform_listener_impl_55e619018040,subscription,/clock,A: message-triggered,[],[],1,89071,0.004660331645541258,0.014280681419031993,0.0007,3.5403,0.0061542243266607425
/transform_listener_impl_55e619018040,subscription,/tf,A: message-triggered,[],[],1,12671,0.01249907663167863,0.011112933509012698,0.0011,0.6618,0.013215515981374838
/transform_listener_impl_55e64ffe0200,subscription,/clock,A: message-triggered,[],[],1,88693,0.003759011421419922,0.005561572128555487,0.0007,0.9134,0.005035147181851939
/transform_listener_impl_55e64ffe0200,subscription,/tf,A: message-triggered,[],[],1,12670,0.013248366219415978,0.021678189267163684,0.0013,0.6068,0.01389386093133386
/transform_listener_impl_55e650829ee0,subscription,/clock,A: message-triggered,[],[],1,88906,0.004315284682698522,0.0038459280671592805,0.0006,0.2074,0.005909027905878138
/transform_listener_impl_55e650829ee0,subscription,/tf,A: message-triggered,[],[],1,12670,0.012600513022888712,0.011962306438591027,0.0014,0.6818,0.013249414917127075
/transform_listener_impl_55f006a89ab0,subscription,/clock,A: message-triggered,[],[],1,89113,0.003762847171568666,0.006403551421317223,0.0006,1.3224,0.005063615039332081
/transform_listener_impl_55f006a89ab0,subscription,/tf,A: message-triggered,[],[],1,12681,0.012901040927371633,0.025278347778766534,0.0013,1.8689,0.01354574229161744
/transform_listener_impl_55f00729f3d0,subscription,/clock,A: message-triggered,[],[],1,89222,0.0044342303467755214,0.005683642278166285,0.0007,0.9299,0.006010577032570406
/transform_listener_impl_55f00729f3d0,subscription,/tf,A: message-triggered,[],[],1,12681,0.012654285939594629,0.009116848762223044,0.0014,0.2626,0.013429113082564453
/transform_listener_impl_55f1bca93370,subscription,/tf,A: message-triggered,[],[],1,12652,0.016045605437875334,0.025575758542006097,0.0013,0.5331,0.016846164875118457
/transform_listener_impl_55f4c497d4f0,subscription,/tf,A: message-triggered,[],[],1,12673,0.019147826086956428,0.03289884769256805,0.0017,1.0829,0.019824089008127477
/transform_listener_impl_55f966490930,subscription,/clock,A: message-triggered,[],[],1,89260,0.003719121667040106,0.0045478958633089865,0.0006,0.5728,0.005019350145641932
/transform_listener_impl_55f966490930,subscription,/tf,A: message-triggered,[],[],1,12673,0.013047999684368292,0.022392083533493742,0.0016,1.1199,0.013725448670401609
/transform_listener_impl_55f966c92a10,subscription,/clock,A: message-triggered,[],[],1,89366,0.004600288700400641,0.007534337674655406,0.0006,1.4878,0.0062675964348856954
/transform_listener_impl_55f966c92a10,subscription,/tf,A: message-triggered,[],[],1,12673,0.013151384833898877,0.010549289891682948,0.0012,0.5519,0.013777851653120869
/transform_listener_impl_55fd42785200,subscription,/tf,A: message-triggered,[],[],1,12665,0.016420007895775992,0.025642893503030617,0.0011,0.4557,0.017187394946703512
/transform_listener_impl_55feb1fcc4d0,subscription,/clock,A: message-triggered,[],[],1,88836,0.0038978240803278323,0.006848488528060897,0.0007,1.6601,0.00508422134044749
/transform_listener_impl_55feb1fcc4d0,subscription,/tf,A: message-triggered,[],[],1,12658,0.012908998261968714,0.01926581486545847,0.0011,0.4342,0.013560915468478507
/transform_listener_impl_55feb28ec130,subscription,/clock,A: message-triggered,[],[],1,89032,0.00456470257884806,0.005560284806527397,0.0007,0.6962,0.005996405135232288
/transform_listener_impl_55feb28ec130,subscription,/tf,A: message-triggered,[],[],1,12659,0.012611754482976564,0.011185087833142777,0.0013,0.6761,0.013304515996524175
/transform_listener_impl_55ffb6f690e0,subscription,/clock,A: message-triggered,[],[],1,90316,0.0034037756322246194,0.002583964048586818,0.0007,0.1468,0.004496067883874328
/transform_listener_impl_55ffb6f690e0,subscription,/tf,A: message-triggered,[],[],1,12664,0.010302116234996841,0.015680270027720065,0.0011,0.6953,0.010857057801642476
/transform_listener_impl_55ffb77b63e0,subscription,/clock,A: message-triggered,[],[],1,90357,0.003927471031574822,0.002777338467379676,0.0007,0.1928,0.005167403964274948
/transform_listener_impl_55ffb77b63e0,subscription,/tf,A: message-triggered,[],[],1,12664,0.010063084333543953,0.005930647728415005,0.0011,0.1827,0.010584664245104288
/transform_listener_impl_55ffef84edb0,subscription,/clock,A: message-triggered,[],[],1,89034,0.004195552260933964,0.007291550949436359,0.0007,1.5276,0.005622859986072738
/transform_listener_impl_55ffef84edb0,subscription,/tf,A: message-triggered,[],[],1,12687,0.013468306140143453,0.02139221917654669,0.0015,0.5863,0.01412980066209509
/transform_listener_impl_55fff0117df0,subscription,/clock,A: message-triggered,[],[],1,89193,0.004444831993542032,0.008937833539359114,0.0007,1.6831,0.006208199432690916
/transform_listener_impl_55fff0117df0,subscription,/tf,A: message-triggered,[],[],1,12687,0.013642933711673366,0.01723016926141066,0.0013,1.0081,0.014378093402695647
/transform_listener_impl_5604e640d1d0,subscription,/tf,A: message-triggered,[],[],1,12659,0.017234039023619547,0.028242097155011792,0.0013,0.777,0.018770227664112432
/transform_listener_impl_5605f1cc5a20,subscription,/tf,A: message-triggered,[],[],1,12645,0.016527773823645692,0.02648918676830984,0.0017,0.5186,0.019498360142348736
/transform_listener_impl_5612a2624f30,subscription,/clock,A: message-triggered,[],[],1,89432,0.0038348432328473105,0.0045887016842247694,0.0006,0.6052,0.005212650348868312
/transform_listener_impl_5612a2624f30,subscription,/tf,A: message-triggered,[],[],1,12671,0.013000434062031435,0.02215400585321601,0.0012,0.642,0.013632286559861073
/transform_listener_impl_5612a2f08840,subscription,/clock,A: message-triggered,[],[],1,89563,0.0044579513861750745,0.008448147243924568,0.0006,1.4365,0.006037039491754429
/transform_listener_impl_5612a2f08840,subscription,/tf,A: message-triggered,[],[],1,12671,0.012561794649198979,0.00843714685794783,0.0013,0.1947,0.013165881777286732
/transform_listener_impl_5612a4eae670,subscription,/tf,A: message-triggered,[],[],1,12674,0.01684629162064072,0.026382658700065224,0.0013,0.3564,0.018318479564462708
/transform_listener_impl_561b16f61cd0,subscription,/clock,A: message-triggered,[],[],1,89102,0.004121929923009643,0.006943108253008872,0.0008,1.2007,0.0054374238513164135
/transform_listener_impl_561b16f61cd0,subscription,/tf,A: message-triggered,[],[],1,12652,0.01294079987353778,0.02227214497864248,0.0012,0.8228,0.013612485219728075
/transform_listener_impl_561b177d5a20,subscription,/clock,A: message-triggered,[],[],1,89256,0.004475475038092723,0.00633397295793363,0.0006,1.0996,0.005966224209016725
/transform_listener_impl_561b177d5a20,subscription,/tf,A: message-triggered,[],[],1,12652,0.01281063863420808,0.014504823998209036,0.0015,1.0079,0.01354284429339234
/transform_listener_impl_561d3f7c7660,subscription,/clock,A: message-triggered,[],[],1,89273,0.0037280868795716597,0.005137044929660734,0.0007,0.5829,0.005244589002273909
/transform_listener_impl_561d3f7c7660,subscription,/tf,A: message-triggered,[],[],1,12698,0.013194991337218447,0.020991582304350265,0.0012,0.4668,0.01391120530792251
/transform_listener_impl_561d4008ffc0,subscription,/clock,A: message-triggered,[],[],1,89361,0.004488684101565553,0.008915412766435532,0.0007,1.8824,0.006447321090856178
/transform_listener_impl_561d4008ffc0,subscription,/tf,A: message-triggered,[],[],1,12698,0.013160253583241478,0.010671036903137797,0.0013,0.3094,0.013941198456449873
/transform_listener_impl_561f1317b610,subscription,/tf,A: message-triggered,[],[],1,12664,0.016379358812381627,0.025590661523868793,0.0014,0.4627,0.017589907375236823
/transform_listener_impl_56282c18e320,subscription,/clock,A: message-triggered,[],[],1,89491,0.0037997709266853652,0.004317998859452048,0.0006,0.622,0.005060809612139901
/transform_listener_impl_56282c18e320,subscription,/tf,A: message-triggered,[],[],1,12660,0.012396824644549746,0.02000501886697766,0.0012,0.7619,0.013051689415481888
/transform_listener_impl_56282ca901d0,subscription,/clock,A: message-triggered,[],[],1,89571,0.004287907916624785,0.005996231179348929,0.0006,0.9708,0.005686602494110818
/transform_listener_impl_56282ca901d0,subscription,/tf,A: message-triggered,[],[],1,12660,0.012352298578199038,0.008769045169256143,0.0014,0.447,0.012974026066350694
/transform_listener_impl_562b3dd98f60,subscription,/clock,A: message-triggered,[],[],1,88926,0.0037781346287925188,0.003652945996051298,0.0007,0.342,0.005301999359017644
/transform_listener_impl_562b3dd98f60,subscription,/tf,A: message-triggered,[],[],1,12677,0.013157016644316533,0.021501684069545876,0.0015,0.7719,0.01380712660724154
/transform_listener_impl_562b3e6213d0,subscription,/clock,A: message-triggered,[],[],1,88993,0.004336575910464906,0.004011850150315881,0.0006,0.332,0.0057255297607676815
/transform_listener_impl_562b3e6213d0,subscription,/tf,A: message-triggered,[],[],1,12677,0.012669259288475208,0.009903145309761335,0.0013,0.447,0.013303189713654708
/transform_listener_impl_562edbaab9f0,subscription,/clock,A: message-triggered,[],[],1,88942,0.0040078837894358295,0.003946774784452045,0.0005,0.4903,0.005399856974207836
/transform_listener_impl_562edbaab9f0,subscription,/tf,A: message-triggered,[],[],1,12664,0.012906522425773918,0.0206330033230045,0.0013,1.0948,0.013751945198989342
/transform_listener_impl_562edc3168c0,subscription,/clock,A: message-triggered,[],[],1,89056,0.004437170993532163,0.004731656065125192,0.0007,0.6569,0.005977769381063641
/transform_listener_impl_562edc3168c0,subscription,/tf,A: message-triggered,[],[],1,12664,0.013007659507264728,0.009420255114930364,0.0013,0.3011,0.013873545167403667
/transform_listener_impl_562f9e4e9a70,subscription,/clock,A: message-triggered,[],[],1,88642,0.003975416845287705,0.005254277303292194,0.0007,0.6054,0.005435419304618519
/transform_listener_impl_562f9e4e9a70,subscription,/tf,A: message-triggered,[],[],1,12637,0.013660868877107008,0.022519719717795532,0.0013,0.875,0.014358841338925456
/transform_listener_impl_562f9ee01f80,subscription,/clock,A: message-triggered,[],[],1,88851,0.004601899809793926,0.004442792623453735,0.0007,0.3563,0.0060703073572610225
/transform_listener_impl_562f9ee01f80,subscription,/tf,A: message-triggered,[],[],1,12637,0.013176537152805196,0.009497458771365465,0.0014,0.3274,0.014017941520930572
/transform_listener_impl_562fb82d1be0,subscription,/clock,A: message-triggered,[],[],1,90451,0.0034136770184961997,0.004194928721444924,0.0007,1.0374,0.004571570187173158
/transform_listener_impl_562fb82d1be0,subscription,/tf,A: message-triggered,[],[],1,12688,0.010534032156368193,0.01783688391378914,0.0011,0.9756,0.011084447667087015
/transform_listener_impl_562fb8b74d70,subscription,/clock,A: message-triggered,[],[],1,90488,0.00380034700733802,0.0030821612662461444,0.0007,0.4421,0.004994922000707249
/transform_listener_impl_562fb8b74d70,subscription,/tf,A: message-triggered,[],[],1,12688,0.010146011979823464,0.006244807652928005,0.0012,0.2991,0.010658334962168925
/transform_listener_impl_5637533f3670,subscription,/clock,A: message-triggered,[],[],1,88888,0.004050775132751372,0.003979517357801224,0.0007,0.2826,0.0053967147421473665
/transform_listener_impl_5637533f3670,subscription,/tf,A: message-triggered,[],[],1,12690,0.012699669030732896,0.019712696322339757,0.0013,0.6059,0.013297624271079635
/transform_listener_impl_563753cac4d0,subscription,/clock,A: message-triggered,[],[],1,88967,0.004390517832454712,0.010146142402956805,0.0007,2.7593,0.0058709366619083365
/transform_listener_impl_563753cac4d0,subscription,/tf,A: message-triggered,[],[],1,12690,0.01261988967691096,0.01034735861909285,0.0013,0.4541,0.013295816154452331
/transform_listener_impl_563916eaf1e0,subscription,/clock,A: message-triggered,[],[],1,88619,0.004246214694365767,0.00498408654706215,0.0007,0.5616,0.005694581037926355
/transform_listener_impl_563916eaf1e0,subscription,/tf,A: message-triggered,[],[],1,12660,0.012821682464454942,0.020633818987072394,0.0012,0.6202,0.013572669826224277
/transform_listener_impl_5639174f37b0,subscription,/clock,A: message-triggered,[],[],1,88803,0.004590120829251269,0.0067747849668185495,0.0007,1.0282,0.006235417834983102
/transform_listener_impl_5639174f37b0,subscription,/tf,A: message-triggered,[],[],1,12660,0.012599312796208467,0.008561086306863216,0.0013,0.337,0.013339142890995257
/transform_listener_impl_564577c30460,subscription,/clock,A: message-triggered,[],[],1,89320,0.0038211262875055716,0.0063209013317974,0.0007,1.4348,0.005148812192118246
/transform_listener_impl_564577c30460,subscription,/tf,A: message-triggered,[],[],1,12672,0.013350812815656556,0.022560383484717433,0.0014,0.7911,0.014037732086489917
/transform_listener_impl_56457848daf0,subscription,/clock,A: message-triggered,[],[],1,89436,0.0043465405429580365,0.007732139418135421,0.0006,1.4828,0.005825207835770822
/transform_listener_impl_56457848daf0,subscription,/tf,A: message-triggered,[],[],1,12672,0.013273437500000027,0.013559506195868177,0.0015,0.8051,0.014007375946969734
/transform_listener_impl_56467f6c07e0,subscription,/clock,A: message-triggered,[],[],1,88751,0.004055512613942404,0.0051476502507165735,0.0005,0.6402,0.005375263884350618
/transform_listener_impl_56467f6c07e0,subscription,/tf,A: message-triggered,[],[],1,12640,0.013218496835443065,0.02066298017083465,0.0008,0.5049,0.01389077238924052
/transform_listener_impl_56467ff20d20,subscription,/clock,A: message-triggered,[],[],1,88874,0.004548386479735351,0.005415382150945137,0.0007,0.4034,0.006015752987375285
/transform_listener_impl_56467ff20d20,subscription,/tf,A: message-triggered,[],[],1,12640,0.013516977848101274,0.010847479233658216,0.0014,0.5472,0.014280816613924071
/transform_listener_impl_564bdca894a0,subscription,/clock,A: message-triggered,[],[],1,88788,0.003919547686624342,0.005685815807020545,0.0007,0.6255,0.0053575256003063915
/transform_listener_impl_564bdca894a0,subscription,/tf,A: message-triggered,[],[],1,12676,0.013663182391921734,0.02608631663080681,0.0011,1.1491,0.014353029267907819
/transform_listener_impl_564bdd39e6f0,subscription,/clock,A: message-triggered,[],[],1,89023,0.004411812677622617,0.007971509442592123,0.0007,1.7118,0.0059647769565169175
/transform_listener_impl_564bdd39e6f0,subscription,/tf,A: message-triggered,[],[],1,12676,0.013198643105080439,0.01286114051850759,0.0013,0.7246,0.013862923082991517
/transform_listener_impl_564cf8c9eb10,subscription,/clock,A: message-triggered,[],[],1,88963,0.0037584939806436456,0.004563457200690073,0.0006,0.6124,0.005071441104728968
/transform_listener_impl_564cf8c9eb10,subscription,/tf,A: message-triggered,[],[],1,12674,0.013228373047183162,0.022574291454229022,0.0013,0.566,0.013866738756509482
/transform_listener_impl_564cf938df10,subscription,/clock,A: message-triggered,[],[],1,89113,0.004423666580633623,0.00576721565463004,0.0007,0.6692,0.005937009729220259
/transform_listener_impl_564cf938df10,subscription,/tf,A: message-triggered,[],[],1,12674,0.012831521224554207,0.01181122438548692,0.0012,0.5246,0.013527184945557796
/transform_listener_impl_56516d4f2f10,subscription,/clock,A: message-triggered,[],[],1,89491,0.003998383077627971,0.008072364877321133,0.0006,1.577,0.005393310332882684
/transform_listener_impl_56516d4f2f10,subscription,/tf,A: message-triggered,[],[],1,12667,0.013351093392279119,0.021096914476735534,0.001,0.5307,0.014027966685087257
/transform_listener_impl_56516dd97f80,subscription,/clock,A: message-triggered,[],[],1,89582,0.004384180973856328,0.005087862936218444,0.0007,0.5067,0.005943613795182073
/transform_listener_impl_56516dd97f80,subscription,/tf,A: message-triggered,[],[],1,12667,0.012550856556406413,0.009210724026477416,0.0015,0.4124,0.013340104602510446
/transform_listener_impl_5652de76e270,subscription,/clock,A: message-triggered,[],[],1,89831,0.003621047299929904,0.004037813083471069,0.0006,0.4494,0.004937991662121132
/transform_listener_impl_5652de76e270,subscription,/tf,A: message-triggered,[],[],1,12684,0.01110960264900661,0.015423749186922912,0.0012,0.5148,0.01194015894039731
/transform_listener_impl_5652defaa3f0,subscription,/clock,A: message-triggered,[],[],1,89787,0.004214811721073156,0.007144240905176656,0.0006,1.1862,0.005608047323109119
/transform_listener_impl_5652defaa3f0,subscription,/tf,A: message-triggered,[],[],1,12684,0.012280692210659016,0.013648344122620623,0.0011,0.6733,0.012855828129927506
/transform_listener_impl_5653da624d60,subscription,/clock,A: message-triggered,[],[],1,88930,0.0037766929045316743,0.005255251686821619,0.0007,0.8666,0.005087533981783495
/transform_listener_impl_5653da624d60,subscription,/tf,A: message-triggered,[],[],1,12642,0.013329568106312228,0.02833525750875257,0.0014,1.514,0.014723872725834487
/transform_listener_impl_5653daefb170,subscription,/clock,A: message-triggered,[],[],1,89009,0.00440416699434882,0.006247350080389175,0.0007,1.0523,0.006004423563909249
/transform_listener_impl_5653daefb170,subscription,/tf,A: message-triggered,[],[],1,12642,0.013132993197278916,0.01386166876574522,0.0014,0.5467,0.013772413146653999
/transform_listener_impl_5654229ab320,subscription,/clock,A: message-triggered,[],[],1,88890,0.004021536730790833,0.004350635238490494,0.0007,0.4135,0.005675777500281233
/transform_listener_impl_5654229ab320,subscription,/tf,A: message-triggered,[],[],1,12665,0.013215673114883543,0.023459641422117972,0.0012,1.3188,0.0138672612712199
/transform_listener_impl_565423241460,subscription,/clock,A: message-triggered,[],[],1,89060,0.004435163934426211,0.005964783171744725,0.0007,1.0621,0.005904024578935543
/transform_listener_impl_565423241460,subscription,/tf,A: message-triggered,[],[],1,12665,0.01273409395973158,0.013328550101456164,0.0015,0.9387,0.013358892064745328
/transform_listener_impl_565496ac9510,subscription,/clock,A: message-triggered,[],[],1,89544,0.0040711560796926885,0.006248738341927138,0.0007,1.4105,0.00545265100955952
/transform_listener_impl_565496ac9510,subscription,/tf,A: message-triggered,[],[],1,12688,0.011770113493064324,0.01628473806552437,0.0011,0.4356,0.012406876497477941
/transform_listener_impl_565497328d40,subscription,/clock,A: message-triggered,[],[],1,89648,0.004376701097626302,0.004860624407719904,0.0007,0.446,0.005941756246653622
/transform_listener_impl_565497328d40,subscription,/tf,A: message-triggered,[],[],1,12688,0.012180816519546016,0.011478215701979955,0.0011,0.6393,0.012795693017023947
/transform_listener_impl_7efd78002160,subscription,/tf,A: message-triggered,[],[],1,12679,0.01754352866945345,0.030322381558142486,0.0007,0.6108,0.018311273523148548
/transform_listener_impl_7efd9c002110,subscription,/tf,A: message-triggered,[],[],1,12679,0.015840405394747237,0.025904265467693675,0.0009,0.3928,0.016776319031469242
/transform_listener_impl_7f0118002090,subscription,/tf,A: message-triggered,[],[],1,12666,0.01696141639033632,0.028451296226069213,0.0014,0.4184,0.017731569793146953
/transform_listener_impl_7f0150002110,subscription,/tf,A: message-triggered,[],[],1,12666,0.01540204484446552,0.02450988745922747,0.0009,0.3286,0.017615346676140755
/transform_listener_impl_7f02f80020b0,subscription,/tf,A: message-triggered,[],[],1,12664,0.017630740682248926,0.03258987767024949,0.0018,1.5343,0.018443529927353017
/transform_listener_impl_7f032c002110,subscription,/tf,A: message-triggered,[],[],1,12664,0.015963771320277837,0.02694750943757872,0.0011,0.7433,0.01896575276373967
/transform_listener_impl_7f0df4001fe0,subscription,/tf,A: message-triggered,[],[],1,12675,0.018626422090729646,0.03340564012192141,0.0018,0.966,0.01935520694280078
/transform_listener_impl_7f0e18002040,subscription,/tf,A: message-triggered,[],[],1,12675,0.01657473767258384,0.02619658422413222,0.0018,0.3667,0.01995612607495062
/transform_listener_impl_7f11280020b0,subscription,/tf,A: message-triggered,[],[],1,12701,0.01748859144949213,0.029185871672228626,0.0014,0.4164,0.018381804503582476
/transform_listener_impl_7f1158002250,subscription,/tf,A: message-triggered,[],[],1,12701,0.016044894102826578,0.026018552922325598,0.0015,0.6735,0.01955800267695458
/transform_listener_impl_7f1310002110,subscription,/tf,A: message-triggered,[],[],1,12672,0.016482488952020195,0.028363044647167303,0.0019,0.7229,0.017413050741792873
/transform_listener_impl_7f1a0c0020b0,subscription,/tf,A: message-triggered,[],[],1,12686,0.01818418729307895,0.02948139902194213,0.0014,0.3854,0.01905118855431179
/transform_listener_impl_7f1a34002110,subscription,/tf,A: message-triggered,[],[],1,12686,0.01663149929055651,0.026043445120249628,0.0015,0.4356,0.018632275815860005
/transform_listener_impl_7f1b50001fe0,subscription,/tf,A: message-triggered,[],[],1,12671,0.018402683292557724,0.030615406009777097,0.0014,0.4421,0.019215493410149224
/transform_listener_impl_7f1b84002040,subscription,/tf,A: message-triggered,[],[],1,12671,0.016873214426643423,0.02653240610490468,0.0014,0.4369,0.01900021853050265
/transform_listener_impl_7f1d500020e0,subscription,/tf,A: message-triggered,[],[],1,12679,0.01926825459421086,0.03277910399413976,0.0016,0.7742,0.019984440334411293
/transform_listener_impl_7f1d68002110,subscription,/tf,A: message-triggered,[],[],1,12679,0.017135286694534183,0.026682419447102288,0.0017,0.3451,0.020592299313826036
/transform_listener_impl_7f217c0020b0,subscription,/tf,A: message-triggered,[],[],1,12663,0.017448661454631646,0.030208165997108075,0.0019,0.546,0.018252937929400782
/transform_listener_impl_7f21b0002110,subscription,/tf,A: message-triggered,[],[],1,12663,0.01612825554765859,0.026252917958277416,0.0014,0.5154,0.01705703632630503
/transform_listener_impl_7f2bec002100,subscription,/tf,A: message-triggered,[],[],1,12660,0.019016635071089874,0.03476826589728834,0.0015,1.8105,0.01966979684044234
/transform_listener_impl_7f2c1c002110,subscription,/tf,A: message-triggered,[],[],1,12660,0.017126879936808757,0.02644468103659747,0.0014,0.3786,0.018471049999999965
/transform_listener_impl_7f2e6c0020b0,subscription,/tf,A: message-triggered,[],[],1,12659,0.018939655581009573,0.03415006647205377,0.0015,0.8029,0.01963340303341506
/transform_listener_impl_7f2ea0002040,subscription,/tf,A: message-triggered,[],[],1,12659,0.017093759380677864,0.02790701405808405,0.0013,0.5435,0.018371808594675708
/transform_listener_impl_7f36a00020e0,subscription,/tf,A: message-triggered,[],[],1,12686,0.01722034526249412,0.029815882362648257,0.0012,0.8231,0.018159214803720684
/transform_listener_impl_7f36a8002040,subscription,/tf,A: message-triggered,[],[],1,12686,0.016264866782279685,0.02693350261945842,0.0012,0.6748,0.01842385653476284
/transform_listener_impl_7f38100020b0,subscription,/tf,A: message-triggered,[],[],1,12687,0.01768364467565231,0.030573101269347425,0.0014,0.7548,0.01836256451485772
/transform_listener_impl_7f3844002040,subscription,/tf,A: message-triggered,[],[],1,12687,0.016877772523055258,0.08133832029494993,0.0017,8.304,0.01872167549460069
/transform_listener_impl_7f39b00020e0,subscription,/tf,A: message-triggered,[],[],1,12671,0.01827327756293899,0.03085715214243172,0.0014,0.9421,0.019458726619840654
/transform_listener_impl_7f39c8002110,subscription,/tf,A: message-triggered,[],[],1,12671,0.016709951858574615,0.02983151535229045,0.0015,0.9382,0.019434853760555558
/transform_listener_impl_7f3d4c002100,subscription,/tf,A: message-triggered,[],[],1,12650,0.018076213438735254,0.030610528242640937,0.0013,0.8087,0.018774455335968315
/transform_listener_impl_7f3d80002110,subscription,/tf,A: message-triggered,[],[],1,12650,0.016270442687747074,0.026880287601367157,0.0013,0.8771,0.017782462766798412
/transform_listener_impl_7f3eac0020b0,subscription,/tf,A: message-triggered,[],[],1,12688,0.019431281525851208,0.03554496213425238,0.0014,1.2869,0.020098329208701176
/transform_listener_impl_7f3edc002110,subscription,/tf,A: message-triggered,[],[],1,12688,0.017156218474148884,0.026767427064995655,0.0014,0.3652,0.01798907960277426
/transform_listener_impl_7f4ea8001fe0,subscription,/tf,A: message-triggered,[],[],1,12667,0.01890839977895309,0.03505532892554237,0.0012,1.6165,0.01959467585063554
/transform_listener_impl_7f4ed8002110,subscription,/tf,A: message-triggered,[],[],1,12667,0.017262343096234357,0.027361796238338485,0.001,0.5006,0.01872374682245211
/transform_listener_impl_7f4f580020b0,subscription,/tf,A: message-triggered,[],[],1,12690,0.01915757289204106,0.030300092680695716,0.0018,0.3986,0.02017000480693452
/transform_listener_impl_7f4f8c002110,subscription,/tf,A: message-triggered,[],[],1,12690,0.016697076438140324,0.025995351102557112,0.0013,0.5394,0.018888945074862204
/transform_listener_impl_7f539c001fe0,subscription,/tf,A: message-triggered,[],[],1,12641,0.017767320623368436,0.02988657223854979,0.0018,0.3994,0.018419667194051033
/transform_listener_impl_7f53d0002110,subscription,/tf,A: message-triggered,[],[],1,12641,0.016455834190332995,0.027088927382362956,0.0013,0.6,0.01775142575745589
/transform_listener_impl_7f5c340020b0,subscription,/tf,A: message-triggered,[],[],1,12659,0.017984564341575183,0.02964702334727373,0.0017,0.415,0.018667548542538975
/transform_listener_impl_7f5c64002110,subscription,/tf,A: message-triggered,[],[],1,12659,0.016491863496326684,0.02699017348079911,0.0014,0.679,0.018614088553598154
/transform_listener_impl_7f5d20002100,subscription,/tf,A: message-triggered,[],[],1,12674,0.017808576613539646,0.030807410557068305,0.0018,0.5521,0.01862914399558143
/transform_listener_impl_7f5d58002110,subscription,/tf,A: message-triggered,[],[],1,12674,0.01642676345273792,0.02644491091851641,0.0014,0.5045,0.01744509949502916
/transform_listener_impl_7f5e800020b0,subscription,/tf,A: message-triggered,[],[],1,12652,0.01710720834650652,0.029024188765974974,0.0013,0.5775,0.01773030319317102
/transform_listener_impl_7f5f880020b0,subscription,/tf,A: message-triggered,[],[],1,12669,0.01745223774567838,0.02974382536833199,0.0013,0.34,0.01826917894072158
/transform_listener_impl_7f5fb8002110,subscription,/tf,A: message-triggered,[],[],1,12669,0.01599708737864086,0.025443315717344598,0.0013,0.358,0.017901313521193386
/transform_listener_impl_7f61dc0020e0,subscription,/tf,A: message-triggered,[],[],1,12664,0.017728403348073213,0.03218244466162102,0.0015,1.3789,0.018384326279216694
/transform_listener_impl_7f66cc002100,subscription,/tf,A: message-triggered,[],[],1,12668,0.01926517998105458,0.032665326349253704,0.0016,0.7701,0.020102726081465162
/transform_listener_impl_7f66f0002110,subscription,/tf,A: message-triggered,[],[],1,12668,0.017134156930849454,0.02820707962250235,0.0015,0.9663,0.018793451689295793
/transform_listener_impl_7f6bc4001fe0,subscription,/tf,A: message-triggered,[],[],1,12642,0.01945465116279071,0.03191472121990715,0.0013,0.9364,0.020176317513051677
/transform_listener_impl_7f6bf8002040,subscription,/tf,A: message-triggered,[],[],1,12642,0.01726517165005538,0.02649549780192207,0.0011,0.5014,0.018130180272108793
/transform_listener_impl_7f6f84002110,subscription,/tf,A: message-triggered,[],[],1,12673,0.01678364238933171,0.026210532166558113,0.0016,0.2936,0.017579626528840903
/transform_listener_impl_7f71a4002100,subscription,/tf,A: message-triggered,[],[],1,12665,0.017898247137781206,0.029663606330238436,0.0015,0.5285,0.018603781208053616
/transform_listener_impl_7f72f8001fe0,subscription,/tf,A: message-triggered,[],[],1,12657,0.017931666271628396,0.03023231374831168,0.0015,0.5676,0.018618921624397575
/transform_listener_impl_7f732c002040,subscription,/tf,A: message-triggered,[],[],1,12657,0.016266421742909102,0.025717178997900318,0.0015,0.361,0.017637079797740467
/transform_listener_impl_7f76040020b0,subscription,/tf,A: message-triggered,[],[],1,12640,0.017641724683544305,0.030212384582592365,0.001,0.4911,0.018355435917721544
/transform_listener_impl_7f7648002110,subscription,/tf,A: message-triggered,[],[],1,12640,0.01678507911392407,0.07374052079733844,0.0013,7.7829,0.01903658512658241
/transform_listener_impl_7f7cc40020b0,subscription,/tf,A: message-triggered,[],[],1,12680,0.017749652996845403,0.03273925132092111,0.0013,1.3804,0.018428896372239774
/transform_listener_impl_7f7d000022c0,subscription,/tf,A: message-triggered,[],[],1,12680,0.016285496845425892,0.026999086258531722,0.0012,0.6901,0.01900487105678232
/transform_listener_impl_7f7f68001fe0,subscription,/tf,A: message-triggered,[],[],1,12645,0.01749504151838671,0.029796927953433874,0.0015,0.5756,0.018150172874653973
/transform_listener_impl_7f8e38001fe0,subscription,/tf,A: message-triggered,[],[],1,12676,0.018323532660145008,0.031670809724042855,0.0014,0.8749,0.019277250552224613
/transform_listener_impl_7f8e68002110,subscription,/tf,A: message-triggered,[],[],1,12676,0.016634166929630913,0.027423588965339044,0.0011,0.6379,0.017645216235405492
/transform_listener_impl_7f94ac0020b0,subscription,/tf,A: message-triggered,[],[],1,12677,0.01824818963477162,0.0302470889916731,0.0013,0.5305,0.01909932768005038
/transform_listener_impl_7f94d8002040,subscription,/tf,A: message-triggered,[],[],1,12677,0.016774733769819306,0.05935869005180309,0.0014,6.0313,0.01819950579790169
/transform_listener_impl_7f94f40020b0,subscription,/tf,A: message-triggered,[],[],1,12675,0.018998571992110427,0.03283252594116901,0.0016,0.8144,0.019886557869822564
/transform_listener_impl_7f9530002110,subscription,/tf,A: message-triggered,[],[],1,12675,0.01630048126232746,0.026881473262946716,0.0013,0.4684,0.018902567258382574
/transform_listener_impl_7f964c001fe0,subscription,/tf,A: message-triggered,[],[],1,12678,0.019019064521217946,0.03147821062436356,0.0016,0.4373,0.019673198690645207
/transform_listener_impl_7f967c002040,subscription,/tf,A: message-triggered,[],[],1,12678,0.016920034705789667,0.026641973678245636,0.0013,0.4652,0.019526386811799978
/transform_listener_impl_7f9b840020b0,subscription,/tf,A: message-triggered,[],[],1,12645,0.017279027283511262,0.029777310707965337,0.0015,0.7038,0.01791952866745765
/transform_listener_impl_7f9bbc002100,subscription,/tf,A: message-triggered,[],[],1,12645,0.015976686437326932,0.027329242778532402,0.0018,0.9963,0.019540238592328976
/transform_listener_impl_7fa42c002290,subscription,/tf,A: message-triggered,[],[],1,12671,0.01840784468471309,0.03006163878269724,0.0011,0.4067,0.019217772472575105
/transform_listener_impl_7fa454002110,subscription,/tf,A: message-triggered,[],[],1,12671,0.016704301160129303,0.02669212645125675,0.0017,0.5511,0.019021610843658884
/transform_listener_impl_7fa8300020b0,subscription,/tf,A: message-triggered,[],[],1,12654,0.018388936304725732,0.03491896906586712,0.0012,1.7149,0.01916938746641383
/transform_listener_impl_7fa848002110,subscription,/tf,A: message-triggered,[],[],1,12654,0.01643836731468325,0.02569675046544639,0.0017,0.4086,0.019345303935514514
/transform_listener_impl_7fa8a40021c0,subscription,/tf,A: message-triggered,[],[],1,12681,0.017515661225455503,0.034141535858760064,0.0014,1.9578,0.01818865081618179
/transform_listener_impl_7fa8e8002110,subscription,/tf,A: message-triggered,[],[],1,12681,0.016272502168598695,0.028692190296846568,0.0014,1.0278,0.018538605630470755
/transform_listener_impl_7fab2c002110,subscription,/tf,A: message-triggered,[],[],1,12658,0.016383670406067266,0.026104491614930184,0.0014,0.3795,0.018832611550007816
/transform_listener_impl_7fab5800e030,subscription,/tf,A: message-triggered,[],[],1,12658,0.018507663137936614,0.038161071575541494,0.0014,2.4683,0.019198124743245403
/transform_listener_impl_7fac00001fe0,subscription,/tf,A: message-triggered,[],[],1,12661,0.01915594344838479,0.03274022855717333,0.0019,0.8648,0.0198984195561172
/transform_listener_impl_7fac28002040,subscription,/tf,A: message-triggered,[],[],1,12661,0.01726104573098497,0.03295115228078494,0.0015,2.2193,0.018561424216096713
/transform_listener_impl_7fb1840020b0,subscription,/tf,A: message-triggered,[],[],1,12662,0.01850357763386517,0.031464176617716784,0.0019,0.7286,0.019265592165534744
/transform_listener_impl_7fb1b0002040,subscription,/tf,A: message-triggered,[],[],1,12662,0.016889196019586133,0.027545680711648007,0.0016,0.9836,0.018698436897804493
/transform_listener_impl_7fba64002100,subscription,/tf,A: message-triggered,[],[],1,12698,0.018267002677587033,0.031038032185127573,0.0018,0.4353,0.019043871082060248
/transform_listener_impl_7fba98002110,subscription,/tf,A: message-triggered,[],[],1,12698,0.01647222397227906,0.025748721432000615,0.0015,0.3784,0.01765288730508743
/transform_listener_impl_7fbb3c001fe0,subscription,/tf,A: message-triggered,[],[],1,12688,0.018083417402270013,0.027175421179407667,0.0014,0.3162,0.01867576796973516
/transform_listener_impl_7fbb6c002040,subscription,/tf,A: message-triggered,[],[],1,12688,0.016517599306431322,0.02403708506020326,0.001,0.288,0.017170744088902956
/transform_listener_impl_7fbc280020b0,subscription,/tf,A: message-triggered,[],[],1,12664,0.018102345230574805,0.028045787294630364,0.0015,0.3243,0.01865704690461157
/transform_listener_impl_7fbc4c002110,subscription,/tf,A: message-triggered,[],[],1,12664,0.01684583859759955,0.024924134150181205,0.0014,0.3095,0.017505948752368945
/transform_listener_impl_7fc5340022c0,subscription,/tf,A: message-triggered,[],[],1,12703,0.0172892545068093,0.030064183431988075,0.002,0.6919,0.018039108084704363
/transform_listener_impl_7fc7bc0020b0,subscription,/tf,A: message-triggered,[],[],1,12650,0.01834128063241109,0.032465207808074874,0.0016,0.9148,0.019350398972332077
/transform_listener_impl_7fc7e0002110,subscription,/tf,A: message-triggered,[],[],1,12650,0.01695792094861657,0.02879296601933809,0.0012,1.2699,0.01887072284584993
/transform_listener_impl_7fc8ec0020b0,subscription,/tf,A: message-triggered,[],[],1,12666,0.017528019895783984,0.030388827509552966,0.0016,0.924,0.01818264756039799
/transform_listener_impl_7fc904002110,subscription,/tf,A: message-triggered,[],[],1,12666,0.016010295278698957,0.02603104917820744,0.0014,0.4532,0.01908706229275225
/transform_listener_impl_7fd730002100,subscription,/tf,A: message-triggered,[],[],1,12684,0.01843923841059603,0.03134725928612402,0.0017,0.4125,0.019033340034689396
/transform_listener_impl_7fd770002110,subscription,/tf,A: message-triggered,[],[],1,12684,0.016644489120151578,0.028264865267560633,0.001,0.8204,0.017325409571113136
/transform_listener_impl_7fe290001fe0,subscription,/tf,A: message-triggered,[],[],1,12659,0.017941914843194417,0.03205505694299906,0.0017,0.9247,0.018630804723911838
/transform_listener_impl_7fee7c002100,subscription,/tf,A: message-triggered,[],[],1,12660,0.01789356240126396,0.030812171272367555,0.0016,0.7985,0.018700843759873628
/transform_listener_impl_7feea0002110,subscription,/tf,A: message-triggered,[],[],1,12660,0.016492488151658786,0.026730664926240537,0.0013,0.5123,0.017363117930489856
/transform_listener_impl_7ff594001fe0,subscription,/tf,A: message-triggered,[],[],1,12693,0.01758310092176785,0.03202181879210106,0.0014,0.9175,0.018367858977389163
/transform_listener_impl_7ff5c4002040,subscription,/tf,A: message-triggered,[],[],1,12693,0.015987914598597573,0.027622853459719324,0.0015,0.8617,0.01680231229811707
/transform_listener_impl_7ff6800020b0,subscription,/tf,A: message-triggered,[],[],1,12637,0.017616325077154233,0.03378526617272954,0.0016,1.8531,0.018722634881696613
/transform_listener_impl_7ff7080022c0,subscription,/tf,A: message-triggered,[],[],1,12674,0.018051199305665244,0.030674278014498846,0.0017,0.7543,0.01871806659302497
/transform_listener_impl_7ffb700020b0,subscription,/tf,A: message-triggered,[],[],1,12676,0.01759455664247404,0.030862938108211113,0.0013,0.68,0.01829212969390975
/transform_listener_impl_7ffba4002110,subscription,/tf,A: message-triggered,[],[],1,12677,0.016168399463595527,0.026596440049188548,0.0013,0.8418,0.0171255024059319
/velocity_smoother,subscription,/bond,A: message-triggered,[],[],57,4401649,0.004790416841506447,0.015349314000680054,0.0003,8.5588,0.006736806763783298
/velocity_smoother,subscription,/clock,A: message-triggered,[],[],57,5125127,0.0037859082126160013,0.005323976781468628,0.0006,3.7401,0.004981852164053697
/velocity_smoother,subscription,/cmd_vel_nav,A: message-triggered,[],[],57,366272,0.01665028039271362,0.01731377117824171,0.007,3.8404,0.021290527629739646
/velocity_smoother,subscription,/parameter_events,A: message-triggered,[],[],57,399,0.002418295739348371,0.0012356476961097767,0.0004,0.0108,0.003712804511278196
/velocity_smoother,timer,timer,P while armed; dynamic timer lifetimes are event-driven,"[50.0, 100.0, 2000.0]",[3],171,559468,0.2887985311045494,0.257215592812253,0.0005,16.2311,0.32464271332229905
/waypoint_follower,subscription,/bond,A: message-triggered,[],[],57,4400305,0.004624419239120926,0.01373807847944225,0.0004,3.869,0.0060587784055877985
/waypoint_follower,subscription,/clock,A: message-triggered,[],[],57,5125428,0.005186627985019012,0.005257304144730622,0.0007,2.1533,0.006410595655231131
/waypoint_follower,subscription,/parameter_events,A: message-triggered,[],[],57,399,0.002354385964912281,0.0015346171543599361,0.0004,0.0216,0.0033667092731829574
/waypoint_follower,timer,timer,P while armed; dynamic timer lifetimes are event-driven,"[100.0, 2000.0]",[3],114,192474,0.5482139353886757,0.28959428429961753,0.0004,9.1805,0.6259068832621548
unresolved_node,service,unresolved,A: request-triggered,[],[],228,228,12.989570175438597,17.598142436774676,0.002,54.9026,28.634090517543854
