task,criticality,samples,C_LO_reference_s,C_HI_reference_s,historical_Q95_s,T_nominal_s,W_LO_mcycles,W_HI_mcycles,A7_C_LO_s,A7_C_HI_s,A15_C_LO_s,A15_C_HI_s
control_iteration,HI,366220,0.007633349400633496,0.0306778,0.0100682,0.05,7.633349400633496,30.6778,0.004770843375395935,0.019173625,0.0021203748335093045,0.008521611111111112
local_costmap_update,HI,91710,0.0009595755719114602,0.0076756,0.0014483999999999999,0.2,0.9595755719114601,7.6756,0.0005997347324446626,0.00479725,0.0002665487699754056,0.002132111111111111
global_costmap_update,HI,18345,0.0009884044262741891,0.0099746,0.0013906,1.0,0.9884044262741891,9.9746,0.0006177527664213682,0.006234125,0.00027455678507616366,0.0027707222222222226
velocity_smoothing_tick,HI,366870,0.00015333048491291199,0.0162255,0.0002771,0.05,0.15333048491291199,16.2255,9.583155307056998e-05,0.0101409375,4.259180136469777e-05,0.004507083333333333
bt_tick,HI,1828599,0.0004929356220253868,0.0194456,0.0010347,0.01,0.4929356220253868,19.4456,0.00030808476376586677,0.0121535,0.00013692656167371857,0.005401555555555555
planning_request,HI,17418,0.02835470187736824,0.0818079,0.0490757,,28.35470187736824,81.8079,0.01772168867335515,0.0511299375,0.007876306077046733,0.022724416666666667
amcl_scan_callback,HI,77369,0.004807714569142679,0.019939,0.0064535,,4.8077145691426795,19.939,0.0030048216057141745,0.012461875,0.0013354762692062998,0.005538611111111111
mppi_noise_generation,HI,366278,0.003392521342532175,0.015244,0.004708599999999999,,3.392521342532175,15.244,0.0021203258390826095,0.0095275,0.0009423670395922708,0.004234444444444444
velocity_command_callback,HI,366272,1.1188342816267693e-05,0.0038323999999999997,1.74e-05,,0.011188342816267693,3.8324,6.992714260167308e-06,0.00239525,3.1078730045188037e-06,0.0010645555555555556
collision_check,HI,366193,0.0006137018624058899,0.013556200000000001,0.0009203,,0.6137018624058899,13.5562,0.00038356366400368115,0.008472625000000001,0.00017047273955719163,0.003765611111111111
controller_path_install,HI,17418,0.0001769838500401883,0.0023685,0.0004197,,0.1769838500401883,2.3685,0.00011061490627511769,0.0014803125,4.916218056671897e-05,0.0006579166666666667
