task,task_id,class,T_nominal_s,C_mean_s,C_std_s,prior_linear_Q95_s,observed_mean_inter_entry_s,whole_loop_C_model_s,deadline_s,priority,granularity,budget_status,cpu_clock,period_clock,C_model_s,jobs,order_statistic_rank_1_based,cdf_below_C,cdf_at_C,exceeding_jobs,exceedance_fraction
control_iteration,tau1,P,0.05,0.007633349400633503,0.0013784679156190044,0.0100682,0.05000274849559896,0.0102092,,,primary_named_inclusive,USER_ASSUMED_WCET_Q95_ECDF,HOST_THREAD_CPU,HOST_WALL,0.0100682,366220,347909,0.9499972694009066,0.9500027305990935,18310,0.04999726940090656
local_costmap_update,tau2,P,0.2,0.00095957557191146,0.000278058978551582,0.0014483999999999999,0.2000054311090417,0.0016037,,,primary_named_inclusive,USER_ASSUMED_WCET_Q95_ECDF,HOST_THREAD_CPU,HOST_WALL,0.0014483999999999999,91710,87125,0.9499727401591974,0.9500054519681606,4585,0.049994548031839496
global_costmap_update,tau3,P,1.0,0.0009884044262741891,0.0002738529645399903,0.00139056,1.000001212671916,0.0029590999999999997,,,primary_named_inclusive,USER_ASSUMED_WCET_Q95_ECDF,HOST_THREAD_CPU,HOST_WALL,0.0013906,18345,17428,0.9499591169255928,0.950013627691469,917,0.04998637230853094
velocity_smoothing_tick,tau4,P,0.05,0.0001533304849129119,8.741790576280278e-05,0.0002771,0.05000165979352695,,,,primary_named_inclusive,USER_ASSUMED_WCET_Q95_ECDF,HOST_THREAD_CPU,HOST_WALL,0.0002771,366870,348527,0.9499768310300651,0.9500749584321422,18316,0.04992504156785783
bt_tick,tau5,P,0.01,0.0004929356220253868,0.0003201292317834572,0.0010347,0.010017868774307073,0.0016376,,,primary_named_inclusive,USER_ASSUMED_WCET_Q95_ECDF,HOST_THREAD_CPU,HOST_WALL,0.0010347,1828599,1737170,0.9499912227885939,0.9500065350577136,91418,0.04999346494228642
planning_request,J1,A,,0.028354701877368237,0.014268444866769672,0.04907459499999999,1.053559547437993,,,,primary_named_inclusive,USER_ASSUMED_WCET_Q95_ECDF,HOST_THREAD_CPU,,0.0490757,17418,16548,0.9499942588127225,0.9500516706854978,870,0.049948329314502236
amcl_scan_callback,J2,A,,0.004807714569142679,0.0009480120127512471,0.006453339999999997,0.237086113012456,,,,primary_named_inclusive,USER_ASSUMED_WCET_Q95_ECDF,HOST_THREAD_CPU,,0.0064535,77369,73501,0.9499928912096576,0.9500187413563572,3867,0.0499812586436428
mppi_noise_generation,J3,A,,0.003392521342532176,0.0007985482582255485,0.004708599999999999,0.05000273261113644,,,,primary_named_inclusive,USER_ASSUMED_WCET_Q95_ECDF,HOST_THREAD_CPU,,0.004708599999999999,366278,347965,0.9499888063165137,0.9500024571500336,18313,0.049997542849966416
velocity_command_callback,J4,A,,1.1188342816267697e-05,1.4910285042584426e-05,1.74e-05,0.050002052241410105,,,,primary_named_inclusive,USER_ASSUMED_WCET_Q95_ECDF,HOST_THREAD_CPU,,1.74e-05,366272,347959,0.9496630919098374,0.9500890048925389,18281,0.04991099510746112
collision_check,J5,A,,0.0006137018624058899,0.00020695572881711241,0.0009203,0.05000949267910011,,,,primary_named_inclusive,USER_ASSUMED_WCET_Q95_ECDF,HOST_THREAD_CPU,,0.0009203,366193,347884,0.9499908518185766,0.9500181598228257,18303,0.04998184017717433
controller_path_install,J6,A,,0.0001769838500401883,0.00015982056833016754,0.00041952999999999956,1.0534222114621279,,,,primary_named_inclusive,USER_ASSUMED_WCET_Q95_ECDF,HOST_THREAD_CPU,,0.0004197,17418,16548,0.9499942588127225,0.9500516706854978,870,0.049948329314502236
