kind,id,x_m,y_m,yaw_rad
start,start,-16.410725416388626,3.250943611330176,0.667306134978364
finish,finish,-18.32026696856702,0.7777647055836955,0.8913825213871167
checkpoint,1,-8.518051566739086,7.970329008862338,0.3514447940035536
checkpoint,2,0.3970749353191618,0.15502530970397027,-0.5307734972029063
checkpoint,3,6.454940298437448,-3.682188998557269,-0.2629336368618341
checkpoint,4,10.935548704453556,0.25721683921350696,0.6659692373791293
checkpoint,5,18.07998499091733,0.31344347166392694,-0.14937406840823475
checkpoint,6,15.15773182204439,-5.211876964290147,-1.181919884196147
checkpoint,7,19.249690984011426,-2.4214309543435344,0.6889243882148643
checkpoint,8,21.326041155660878,-3.318374200235601,-0.8515374187715115
checkpoint,9,12.488786444975142,-8.246013476294056,-3.127607551424901
checkpoint,10,0.4660888843649992,-2.883418868818606,2.5207701017671225
checkpoint,11,-0.24535137952812047,-2.052995247491349,1.9525162955444766
checkpoint,12,-8.51454364613579,5.078725168060238,2.6257617773482065
checkpoint,13,-12.197067639076046,4.162002339004416,-2.5752049661076515
checkpoint,14,-13.475272569901112,2.419633688318865,-1.512040504079227
checkpoint,15,-15.224167509325685,-0.07355108800284103,-2.4410563523239475
checkpoint,16,-16.531889019514423,-0.31589909540593986,3.001413810353181
checkpoint,17,-18.396703856530358,-3.143370510452181,-2.0308338431756914
checkpoint,18,-19.991098207878863,-6.813204397872482,-1.2976837276046616
checkpoint,19,-22.6726604712124,-5.637929358284618,1.9169985286896902
parked_endpoint,edge_01,-8.948369878187117,9.143924403720598,0.3514447940035536
parked_endpoint,edge_02,1.0298256462744404,1.2330450394796313,-0.5307734972029063
parked_endpoint,edge_03,6.779833396990761,-2.475149448868682,-0.2629336368618341
parked_endpoint,edge_04,10.163271764538656,1.2401147627415203,0.6659692373791293
parked_endpoint,edge_05,18.266008991148702,1.5495239995171561,-0.14937406840823475
parked_endpoint,edge_06,14.001062272692813,-5.685813197978624,-1.181919884196147
parked_endpoint,edge_07,19.465377373375016,-3.8631241885106706,0.6889243882148643
parked_endpoint,edge_08,22.266408889828018,-2.494840033040724,-0.8515374187715115
parked_endpoint,edge_09,12.506267252843207,-9.495891238859771,-3.127607551424901
parked_endpoint,edge_10,-0.26104164202007485,-3.900169181136712,2.5207701017671225
parked_endpoint,edge_11,0.9146802337776508,-1.5873487548263558,1.9525162955444766
parked_endpoint,edge_12,-9.131115876744632,3.9913711850160603,2.6257617773482065
parked_endpoint,edge_13,-11.526333482645251,3.1071963419617985,-2.5752049661076515
parked_endpoint,edge_14,-14.72311553636986,2.3462311608795936,-1.512040504079227
parked_endpoint,edge_15,-14.41838278381743,-1.0291718161882364,-2.4410563523239475
parked_endpoint,edge_16,-16.357238762207718,0.9218396846372087,3.001413810353181
parked_endpoint,edge_17,-17.276659054569475,-3.6983476645769278,-2.0308338431756914
parked_endpoint,edge_18,-18.78742820660603,-6.476041932529949,-1.2976837276046616
parked_endpoint,edge_19,-23.848495711156332,-6.062089102374028,1.9169985286896902
