task,task_id,activation,C_reference_s,C_reference_ms,T_nominal_s,T_nominal_ms,activation_rate_hz,observed_mean_interval_s,observed_mean_interval_ms,work_mcycles,reference_frequency_mhz,reference_eta,A7_C_s,A7_execution_cycles,A7_period_cycles,A15_C_s,A15_execution_cycles,A15_period_cycles
control_iteration,tau1,P,0.0100682,10.0682,0.05,50.0,20.0,0.05000274849559896,50.00274849559896,10.0682,1000.0,1.0,0.006292625,10068200.0,80000000.0,0.002796722222222222,5593444.444444445,100000000.0
local_costmap_update,tau2,P,0.0014483999999999999,1.4484,0.2,200.0,5.0,0.2000054311090417,200.0054311090417,1.4484,1000.0,1.0,0.0009052499999999999,1448400.0,320000000.0,0.0004023333333333333,804666.6666666666,400000000.0
global_costmap_update,tau3,P,0.0013906,1.3906,1.0,1000.0,1.0,1.000001212671916,1000.001212671916,1.3906,1000.0,1.0,0.000869125,1390600.0,1600000000.0,0.0003862777777777778,772555.5555555556,2000000000.0
velocity_smoothing_tick,tau4,P,0.0002771,0.2771,0.05,50.0,20.0,0.05000165979352695,50.00165979352695,0.2771,1000.0,1.0,0.0001731875,277100.0,80000000.0,7.697222222222223e-05,153944.44444444444,100000000.0
bt_tick,tau5,P,0.0010347,1.0347,0.01,10.0,100.0,0.010017868774307073,10.017868774307072,1.0347,1000.0,1.0,0.0006466875,1034700.0,16000000.0,0.00028741666666666667,574833.3333333333,20000000.0
planning_request,J1,A,0.0490757,49.0757,,,,1.053559547437993,1053.5595474379932,49.0757,1000.0,1.0,0.0306723125,49075700.0,,0.013632138888888888,27264277.777777776,
amcl_scan_callback,J2,A,0.0064535,6.4535,,,,0.237086113012456,237.086113012456,6.4535,1000.0,1.0,0.0040334375,6453499.999999999,,0.001792638888888889,3585277.777777778,
mppi_noise_generation,J3,A,0.004708599999999999,4.7086,,,,0.05000273261113644,50.002732611136445,4.7086,1000.0,1.0,0.0029428749999999997,4708600.0,,0.0013079444444444443,2615888.8888888885,
velocity_command_callback,J4,A,1.74e-05,0.0174,,,,0.050002052241410105,50.002052241410105,0.0174,1000.0,1.0,1.0875e-05,17400.0,,4.833333333333333e-06,9666.666666666668,
collision_check,J5,A,0.0009203,0.9203,,,,0.05000949267910011,50.00949267910011,0.9203,1000.0,1.0,0.0005751875,920299.9999999999,,0.0002556388888888889,511277.7777777778,
controller_path_install,J6,A,0.0004197,0.4197,,,,1.0534222114621279,1053.422211462128,0.4197,1000.0,1.0,0.0002623125,419700.0,,0.00011658333333333334,233166.6666666667,
