task,class,configured_activation,clock,interpretation,trials,jobs,C_cpu_mean_ms,C_cpu_std_ms,C_cpu_min_ms,C_cpu_p50_ms,C_cpu_p95_ms,C_cpu_p99_ms,C_cpu_observed_max_ms,elapsed_mean_ms,inter_entry_wall_mean_ms,inter_entry_wall_min_ms,inter_entry_cached_sim_mean_ms,full_iteration_cpu_mean_ms,mean_of_run_C_means_ms,std_of_run_C_means_ms,deadline,WCET,sporadic_minimum_guaranteed
control_iteration,P*,20 Hz / 50 ms,host WallRate,"Active FollowPath loop; nominal periodic, jitter/skip sensitive",57,366220,7.633349400633496,1.3784679156190043,3.275,7.5187,10.0682,11.380081,30.6778,8.439743266817759,50.00274849559896,17.456651,42.18381977425354,7.753894768723217,7.62334953401847,0.34456813400003466,UNASSIGNED,NOT CERTIFIED,NOT ESTABLISHED
local_costmap_update,P*,5 Hz / 200 ms,host WallRate,Dedicated cyclic map update; publication is a separate activity,57,91710,0.9595755719114601,0.27805897855158196,0.4617,0.9087,1.4484,1.9233,7.6756,2.0928510506924,200.0054311090417,1.709293,168.72023829007233,1.0368652731436048,0.9582334738958997,0.05138351405350184,UNASSIGNED,NOT CERTIFIED,NOT ESTABLISHED
global_costmap_update,P*,1 Hz / 1000 ms,host WallRate,Dedicated cyclic map update,57,18345,0.9884044262741892,0.2738529645399903,0.405,0.9728,1.39056,1.6865600000000014,9.9746,1.3348788808394656,1000.0012126719159,969.895542,843.6509186351706,1.6609825729081495,0.9872440589189067,0.04610129165346366,UNASSIGNED,NOT CERTIFIED,NOT ESTABLISHED
velocity_smoothing_tick,P*,20 Hz / 50 ms,host wall timer,Periodic callback reading a held command; can suppress publication,57,366870,0.15333048491291199,0.08741790576280277,0.0006,0.1334,0.2771,0.41193099999999977,16.2255,0.1725897717038733,50.00165979352695,9.056234,42.179584693017965,,0.15314326813071477,0.008794616928924338,UNASSIGNED,NOT CERTIFIED,NOT ESTABLISHED
bt_tick,P*,100 Hz / 10 ms,host WallRate,Active mission orchestration tick; action workers run independently,57,1828599,0.4929356220253869,0.32012923178345704,0.0762,0.4108,1.0347,1.7557020000000019,19.4456,1.1013784213914588,10.017868774307072,0.504561,8.451159448347372,0.9169178551545443,0.4922209775864306,0.026231388067294713,UNASSIGNED,NOT CERTIFIED,NOT ESTABLISHED
planning_request,A,1 Hz rate limiter; not T=1 s,host rate limiter + action,Aperiodic action job; computation and BT limiter state affect arrivals,57,17418,28.35470187736824,14.268444866769668,1.7679,28.88995,49.074594999999995,54.130205,81.8079,29.70208628235159,1053.5595474379932,1007.637774,888.8301365128737,,28.31940229420553,1.3323103371881113,UNASSIGNED,NOT CERTIFIED,NOT ESTABLISHED
amcl_scan_callback,A,LiDAR source 5 Hz; no callback T guarantee,scan + TF filter,"Message-triggered job; sensor generation is periodic, delivery may burst",57,77369,4.8077145691426795,0.9480120127512472,0.1564,4.7203,6.453339999999996,7.470527999999996,19.939,5.125997977949825,237.086113012456,7.182557,200.00281974337747,,4.807753443132565,0.18866914017689934,UNASSIGNED,NOT CERTIFIED,NOT ESTABLISHED
mppi_noise_generation,A,Triggered; no configured T,condition-variable wakeup,Helper job; readiness flag can coalesce triggers; separate thread,57,366278,3.392521342532175,0.7985482582255483,1.4159,3.3187,4.7086,5.407722999999998,15.244,3.4587967994392237,50.002732611136445,8.382073,42.183848004347105,,3.387916972615949,0.16072190691386454,UNASSIGNED,NOT CERTIFIED,NOT ESTABLISHED
velocity_command_callback,A,Message-triggered; no configured T,command arrival,Input callback stores a command for later timer ticks,57,366272,0.011188342816267693,0.014910285042584424,0.0044,0.0099,0.0174,0.0373,3.8324,0.013795169169360475,50.002052241410105,1.120214,42.18344961293229,,0.011175857275891637,0.0005264335387106682,UNASSIGNED,NOT CERTIFIED,NOT ESTABLISHED
collision_check,A,Message-triggered; no configured T,smoothed command arrival,Checks current scan/TF cache and forwards or modifies command,57,366193,0.6137018624058899,0.2069557288171124,0.1816,0.5852,0.9203,1.1904,13.5562,26.849119451125496,50.00949267910011,1.072324,42.18958529071165,,0.6126854473469018,0.0358924620654147,UNASSIGNED,NOT CERTIFIED,NOT ESTABLISHED
controller_path_install,A,Action/state update; no configured T,FollowPath goal/preemption,Installs the current path; not a /plan subscription,57,17418,0.1769838500401883,0.15982056833016753,0.0065,0.1465,0.41952999999999957,0.8728559999999939,2.3685,0.185020035652773,1053.422211462128,984.359944,888.7325038880249,,0.1767668608466921,0.011577914632709912,UNASSIGNED,NOT CERTIFIED,NOT ESTABLISHED
