job_id,label,task,release_s,eligible_s,start_s,finish_s,core_id,demand_mcycles,parents
0,J5[0],collision_check,0.06450536,0.06450536,0.06450536,0.0650805475,0,0.9203,[]
1,J4[0],velocity_command_callback,0.090354018,0.090354018,0.090354018,0.09035885133333332,1,0.0174,[5]
2,J4[1],velocity_command_callback,0.140461175,0.140461175,0.140461175,0.14046600833333334,1,0.0174,[6]
3,tau4[0],velocity_smoothing_tick,0.064410307,0.064410307,0.064410307,0.06448727922222222,1,0.2771,[]
4,J6[0],controller_path_install,0.586228906,0.586228906,0.586228906,0.5864912185,0,0.4197,[]
5,tau1[0],control_iteration,0.086142232,0.086142232,0.086142232,0.08893895422222223,1,10.0682,"[14, 8]"
6,tau1[1],control_iteration,0.135961809,0.135961809,0.135961809,0.1387585312222222,1,10.0682,"[14, 9]"
7,J1[0],planning_request,0.504712526,0.504712526,0.504712526,0.518344664888889,1,49.0757,[]
8,J3[0],mppi_noise_generation,0.03702105,0.03702105,0.03702105,0.039963925,0,4.7086,[]
9,J3[1],mppi_noise_generation,0.086923299,0.08893895422222223,0.08893895422222223,0.09188182922222222,0,4.7086,[5]
10,J3[2],mppi_noise_generation,0.136707392,0.1387585312222222,0.1387585312222222,0.14170140622222221,0,4.7086,[6]
11,J2[0],amcl_scan_callback,0.216882955,0.216882955,0.216882955,0.22091639249999998,0,6.4535,[]
12,tau3[0],global_costmap_update,0.172472286,0.172472286,0.172472286,0.17285856377777778,1,1.3906,[]
13,tau5[0],bt_tick,0.031307035,0.031307035,0.031307035,0.03159445166666666,1,1.0347,[]
14,tau2[0],local_costmap_update,0.0,0.0,0.0,0.0009052499999999999,0,1.4484,[]
