task,C_i_s,T_i_s,uniform_factor,drawn_deadline_s,D_i_s,period_adjustment
amcl_scan_callback,0.019939,,0.8068329642737092,0.016087442474653487,0.016087442474653487,False
bt_tick,0.0194456,0.01,1.142526867587137,0.02221712045635243,0.014722800000000001,True
collision_check,0.013556200000000001,,1.1549523264627002,0.01565676472799366,0.01565676472799366,False
control_iteration,0.0306778,0.05,0.8546781300847196,0.02621964473911301,0.02621964473911301,False
controller_path_install,0.0023685,,0.8217257022290898,0.0019462573257295992,0.0019462573257295992,False
global_costmap_update,0.0099746,1.0,1.0061503027772978,0.010035946810082434,0.010035946810082434,False
local_costmap_update,0.0076756,0.2,1.082164357992939,0.008306260746210603,0.008306260746210603,False
mppi_noise_generation,0.015244,,1.031692661829316,0.015727122936926095,0.015727122936926095,False
planning_request,0.0818079,,1.1808510323089763,0.0966029431660295,0.0966029431660295,False
velocity_command_callback,0.0038323999999999997,,1.0854853413843584,0.004160014022321415,0.004160014022321415,False
velocity_smoothing_tick,0.0162255,0.05,0.9761868295788291,0.01583911940333129,0.01583911940333129,False
