task,activation,CPU_sample_count,runs,nominal_period_s,CPU_mean_pooled_s,CPU_mean_of_run_means_s,CPU_min_s,CPU_max_s,CPU_median_s,CPU_p95_linear_s,CPU_p99_linear_s,CPU_sample_sd_s,observed_SIM_inter_arrival_mean_s,observed_SIM_inter_arrival_min_s,observed_SIM_inter_arrival_max_s,observed_SIM_inter_arrival_sample_sd_s,observed_SIM_inverse_mean_interval_hz
control_iteration,P,16279,3,0.05,0.003747019859942257,0.003747006155176782,0.0025639,0.00799,0.0037384,0.00443033,0.004979481999999998,0.0004244436835080895,0.050000737281887433,0.046999999999997044,0.05400000000000027,0.0004019912917276641,19.99970509159364
local_costmap_update,P,4072,3,0.2,0.00039815110510805503,0.0003981478533921856,0.0002967,0.0008336,0.00037715000000000003,0.000537245,0.0006027319999999999,6.4511257826818e-05,0.20000073728188747,0.19999999999998863,0.2010000000000005,2.714625956993551e-05,4.999981568020761
global_costmap_update,P,816,3,1.0,0.0004515313725490196,0.0004515313725490196,0.0002517,0.0008246,0.00044645000000000004,0.00061975,0.000750795,8.660375370421197e-05,1.000040590405904,0.9999999999999716,1.029,0.0010229271462611998,0.9999594112416101
velocity_smoothing_tick,P,16279,3,0.05,9.019644941335463e-06,9.019448309646768e-06,5.6e-06,0.0001349,8.4e-06,1.26e-05,1.94e-05,3.0681794476085756e-06,0.05,0.043000000000006366,0.05699999999998795,0.0001910437014206201,20.0
bt_tick,P,81207,3,0.01,0.00030422137623603877,0.000304219658555307,0.0001352,0.003204,0.0002638,0.0005561,0.0011248700000000013,0.00017358170800030011,0.010025836165706124,0.009999999999990905,0.02400000000000091,0.0004463480445842369,99.742304130258
planning_request,A,794,3,,0.01650923450881612,0.016509416769106156,0.0011397,0.0337007,0.0173503,0.028817559999999992,0.030619913999999998,0.008534124027224381,1.027481668773704,1.009999999999991,1.043999999999997,0.007582748925178703,0.9732533731657682
amcl_scan_callback,A,4072,3,,0.0023432231090373284,0.0023432165229029904,2.05e-05,0.0066592,0.0022883499999999998,0.002917145,0.0032463109999999996,0.0003102670136244172,0.1999975423937085,0.16999999999995907,0.20400000000000773,0.010749859657266053,5.000061440912275
mppi_noise_generation,A,16282,3,,0.0016807969905417025,0.0016807912192059113,0.0012862,0.0040807,0.0016197,0.0021370849999999995,0.002526338,0.0002273919992195052,0.049999999999999996,0.0259999999999998,0.07699999999999996,0.0022025184124473828,20.0
velocity_command_callback,A,16279,3,,6.16420541802322e-06,6.164187236727484e-06,3.2e-06,5.97e-05,5.9e-06,8.2e-06,1.46e-05,1.9579325752191884e-06,0.050000737281887433,0.02499999999999858,0.07700000000000173,0.0024419023979687948,19.99970509159364
collision_check,A,16279,3,,0.00021933475029178696,0.000219333498549129,0.0001354,0.0006928,0.0002174,0.00027450999999999984,0.0003127,3.439524319047553e-05,0.050000122880314565,0.021999999999998465,0.07700000000000173,0.0024995483432778843,19.99995084799497
controller_path_install,A,794,3,,7.925075566750631e-05,7.9251065370688e-05,7.6e-06,0.0003289,7.215e-05,0.00017962999999999982,0.00025929999999999936,5.271943709247605e-05,1.0274639696586598,1.0,1.0579999999999998,0.024929386937560548,0.9732701384479849
