policy,replicate,trial,device_id,device_class,core_types,cooling_entries,cooling_duration_s
local,1,comparison-01-local-attempt-01,0,vehicle,Cortex-A7,90,39.533
local,1,comparison-01-local-attempt-01,1,server,Cortex-A15,0,0.0
local,1,comparison-01-local-attempt-01,2,server,Cortex-A15,0,0.0
local,1,comparison-01-local-attempt-01,3,server,Cortex-A15,0,0.0
local,1,comparison-01-local-attempt-01,4,server,Cortex-A15,0,0.0
local,1,comparison-01-local-attempt-01,5,server,Cortex-A15,0,0.0
local,1,comparison-01-local-attempt-01,6,server,Cortex-A15,0,0.0
local,1,comparison-01-local-attempt-01,7,server,Cortex-A15,0,0.0
local,1,comparison-01-local-attempt-01,8,server,Cortex-A15,0,0.0
local,1,comparison-01-local-attempt-01,9,server,Cortex-A15,0,0.0
local,1,comparison-01-local-attempt-01,10,server,Cortex-A15,0,0.0
local,1,comparison-01-local-attempt-01,11,server,Cortex-A15,0,0.0
local,1,comparison-01-local-attempt-01,12,server,Cortex-A15,0,0.0
local,1,comparison-01-local-attempt-01,13,server,Cortex-A15,0,0.0
local,1,comparison-01-local-attempt-01,14,server,Cortex-A15,0,0.0
local,1,comparison-01-local-attempt-01,15,server,Cortex-A15,0,0.0
local,1,comparison-01-local-attempt-01,16,server,Cortex-A15,0,0.0
local,1,comparison-01-local-attempt-01,17,server,Cortex-A15,0,0.0
local,1,comparison-01-local-attempt-01,18,server,Cortex-A15,0,0.0
local,1,comparison-01-local-attempt-01,19,server,Cortex-A15,0,0.0
local,1,comparison-01-local-attempt-01,20,server,Cortex-A15,0,0.0
local,1,comparison-01-local-attempt-01,21,server,Cortex-A15,0,0.0
local,1,comparison-01-local-attempt-01,22,server,Cortex-A15,0,0.0
local,1,comparison-01-local-attempt-01,23,server,Cortex-A15,0,0.0
local,1,comparison-01-local-attempt-01,24,server,Cortex-A15,0,0.0
local,1,comparison-01-local-attempt-01,25,server,Cortex-A15,0,0.0
random,1,comparison-01-random-attempt-04,0,vehicle,Cortex-A7,0,0.0
random,1,comparison-01-random-attempt-04,1,server,Cortex-A15,0,0.0
random,1,comparison-01-random-attempt-04,2,server,Cortex-A15,7,2.328
random,1,comparison-01-random-attempt-04,3,server,Cortex-A15,0,0.0
random,1,comparison-01-random-attempt-04,4,server,Cortex-A15,0,0.0
random,1,comparison-01-random-attempt-04,5,server,Cortex-A15,0,0.0
random,1,comparison-01-random-attempt-04,6,server,Cortex-A15,3,0.879
random,1,comparison-01-random-attempt-04,7,server,Cortex-A15,0,0.0
random,1,comparison-01-random-attempt-04,8,server,Cortex-A15,3,1.051
random,1,comparison-01-random-attempt-04,9,server,Cortex-A15,1,0.353
random,1,comparison-01-random-attempt-04,10,server,Cortex-A15,0,0.0
random,1,comparison-01-random-attempt-04,11,server,Cortex-A15,1,0.435
random,1,comparison-01-random-attempt-04,12,server,Cortex-A15,0,0.0
random,1,comparison-01-random-attempt-04,13,server,Cortex-A15,1,0.366
random,1,comparison-01-random-attempt-04,14,server,Cortex-A15,0,0.0
random,1,comparison-01-random-attempt-04,15,server,Cortex-A15,0,0.0
random,1,comparison-01-random-attempt-04,16,server,Cortex-A15,4,1.28
random,1,comparison-01-random-attempt-04,17,server,Cortex-A15,0,0.0
random,1,comparison-01-random-attempt-04,18,server,Cortex-A15,0,0.0
random,1,comparison-01-random-attempt-04,19,server,Cortex-A15,0,0.0
random,1,comparison-01-random-attempt-04,20,server,Cortex-A15,0,0.0
random,1,comparison-01-random-attempt-04,21,server,Cortex-A15,0,0.0
random,1,comparison-01-random-attempt-04,22,server,Cortex-A15,0,0.0
random,1,comparison-01-random-attempt-04,23,server,Cortex-A15,0,0.0
random,1,comparison-01-random-attempt-04,24,server,Cortex-A15,0,0.0
random,1,comparison-01-random-attempt-04,25,server,Cortex-A15,0,0.0
offload,1,comparison-01-offload-attempt-01,0,vehicle,Cortex-A7,0,0.0
offload,1,comparison-01-offload-attempt-01,1,server,Cortex-A15,7,1.686
offload,1,comparison-01-offload-attempt-01,2,server,Cortex-A15,28,9.311
offload,1,comparison-01-offload-attempt-01,3,server,Cortex-A15,23,8.534
offload,1,comparison-01-offload-attempt-01,4,server,Cortex-A15,16,4.519
offload,1,comparison-01-offload-attempt-01,5,server,Cortex-A15,31,7.593
offload,1,comparison-01-offload-attempt-01,6,server,Cortex-A15,22,6.465
offload,1,comparison-01-offload-attempt-01,7,server,Cortex-A15,26,6.481
offload,1,comparison-01-offload-attempt-01,8,server,Cortex-A15,28,9.781
offload,1,comparison-01-offload-attempt-01,9,server,Cortex-A15,36,12.728
offload,1,comparison-01-offload-attempt-01,10,server,Cortex-A15,8,2.351
offload,1,comparison-01-offload-attempt-01,11,server,Cortex-A15,11,4.788
offload,1,comparison-01-offload-attempt-01,12,server,Cortex-A15,14,4.894
offload,1,comparison-01-offload-attempt-01,13,server,Cortex-A15,22,8.066
offload,1,comparison-01-offload-attempt-01,14,server,Cortex-A15,10,3.513
offload,1,comparison-01-offload-attempt-01,15,server,Cortex-A15,23,6.66
offload,1,comparison-01-offload-attempt-01,16,server,Cortex-A15,24,7.68
offload,1,comparison-01-offload-attempt-01,17,server,Cortex-A15,15,4.197
offload,1,comparison-01-offload-attempt-01,18,server,Cortex-A15,18,6.0760000000000005
offload,1,comparison-01-offload-attempt-01,19,server,Cortex-A15,17,4.7700000000000005
offload,1,comparison-01-offload-attempt-01,20,server,Cortex-A15,4,1.283
offload,1,comparison-01-offload-attempt-01,21,server,Cortex-A15,8,2.879
offload,1,comparison-01-offload-attempt-01,22,server,Cortex-A15,14,5.288
offload,1,comparison-01-offload-attempt-01,23,server,Cortex-A15,16,6.598
offload,1,comparison-01-offload-attempt-01,24,server,Cortex-A15,14,5.578
offload,1,comparison-01-offload-attempt-01,25,server,Cortex-A15,9,3.513
greedy,1,comparison-01-greedy-attempt-01,0,vehicle,Cortex-A7,0,0.0
greedy,1,comparison-01-greedy-attempt-01,1,server,Cortex-A15,0,0.0
greedy,1,comparison-01-greedy-attempt-01,2,server,Cortex-A15,0,0.0
greedy,1,comparison-01-greedy-attempt-01,3,server,Cortex-A15,0,0.0
greedy,1,comparison-01-greedy-attempt-01,4,server,Cortex-A15,0,0.0
greedy,1,comparison-01-greedy-attempt-01,5,server,Cortex-A15,0,0.0
greedy,1,comparison-01-greedy-attempt-01,6,server,Cortex-A15,0,0.0
greedy,1,comparison-01-greedy-attempt-01,7,server,Cortex-A15,0,0.0
greedy,1,comparison-01-greedy-attempt-01,8,server,Cortex-A15,0,0.0
greedy,1,comparison-01-greedy-attempt-01,9,server,Cortex-A15,0,0.0
greedy,1,comparison-01-greedy-attempt-01,10,server,Cortex-A15,0,0.0
greedy,1,comparison-01-greedy-attempt-01,11,server,Cortex-A15,0,0.0
greedy,1,comparison-01-greedy-attempt-01,12,server,Cortex-A15,0,0.0
greedy,1,comparison-01-greedy-attempt-01,13,server,Cortex-A15,0,0.0
greedy,1,comparison-01-greedy-attempt-01,14,server,Cortex-A15,0,0.0
greedy,1,comparison-01-greedy-attempt-01,15,server,Cortex-A15,0,0.0
greedy,1,comparison-01-greedy-attempt-01,16,server,Cortex-A15,0,0.0
greedy,1,comparison-01-greedy-attempt-01,17,server,Cortex-A15,0,0.0
greedy,1,comparison-01-greedy-attempt-01,18,server,Cortex-A15,0,0.0
greedy,1,comparison-01-greedy-attempt-01,19,server,Cortex-A15,0,0.0
greedy,1,comparison-01-greedy-attempt-01,20,server,Cortex-A15,0,0.0
greedy,1,comparison-01-greedy-attempt-01,21,server,Cortex-A15,0,0.0
greedy,1,comparison-01-greedy-attempt-01,22,server,Cortex-A15,0,0.0
greedy,1,comparison-01-greedy-attempt-01,23,server,Cortex-A15,0,0.0
greedy,1,comparison-01-greedy-attempt-01,24,server,Cortex-A15,0,0.0
greedy,1,comparison-01-greedy-attempt-01,25,server,Cortex-A15,0,0.0
