policy,replicate,trial,task,jobs,completed,overrun_count,deadline_evaluable,deadline_met,deadline_meet_rate,average_response_s
local,1,comparison-01-local-attempt-01,amcl_scan_callback,1361,1361,1186,1361,94,0.06906686260102865,0.028783247612049964
local,1,comparison-01-local-attempt-01,bt_tick,22897,22897,15291,22897,6107,0.2667161636895663,0.005188758352622614
local,1,comparison-01-local-attempt-01,collision_check,4764,4764,4312,4764,0,0.0,0.02915827036104114
local,1,comparison-01-local-attempt-01,control_iteration,4762,4762,4285,4762,0,0.0,0.014317093658126837
local,1,comparison-01-local-attempt-01,controller_path_install,239,239,129,239,0,0.0,0.01787029288702929
local,1,comparison-01-local-attempt-01,global_costmap_update,273,273,230,273,0,0.0,0.034655677655677654
local,1,comparison-01-local-attempt-01,local_costmap_update,1279,1279,907,1279,0,0.0,0.030370602032838163
local,1,comparison-01-local-attempt-01,mppi_noise_generation,4763,4763,3894,4763,0,0.0,0.009662397648540837
local,1,comparison-01-local-attempt-01,planning_request,239,239,135,239,0,0.0,0.05389121338912135
local,1,comparison-01-local-attempt-01,velocity_command_callback,4762,4762,4472,4762,0,0.0,0.005126837463250735
local,1,comparison-01-local-attempt-01,velocity_smoothing_tick,4792,4792,3889,4792,0,0.0,0.009282136894824709
random,1,comparison-01-random-attempt-04,amcl_scan_callback,1360,1360,1189,1360,37,0.027205882352941177,0.008536764705882353
random,1,comparison-01-random-attempt-04,bt_tick,26524,26524,17115,26524,2254,0.0849796410797768,0.0054193560548936835
random,1,comparison-01-random-attempt-04,collision_check,5342,5342,4714,5342,0,0.0,0.02336409584425309
random,1,comparison-01-random-attempt-04,control_iteration,5342,5342,4774,5342,0,0.0,0.011663234743541745
random,1,comparison-01-random-attempt-04,controller_path_install,261,261,165,261,0,0.0,0.007835249042145593
random,1,comparison-01-random-attempt-04,global_costmap_update,272,272,225,272,0,0.0,0.009797794117647059
random,1,comparison-01-random-attempt-04,local_costmap_update,1358,1358,893,1358,0,0.0,0.008136229749631812
random,1,comparison-01-random-attempt-04,mppi_noise_generation,5343,5343,4328,5343,0,0.0,0.008463222908478384
random,1,comparison-01-random-attempt-04,planning_request,261,261,154,261,0,0.0,0.02888888888888889
random,1,comparison-01-random-attempt-04,velocity_command_callback,5335,5335,4396,5335,0,0.0,0.006735707591377695
random,1,comparison-01-random-attempt-04,velocity_smoothing_tick,5354,5354,3637,5354,0,0.0,0.007236458722450504
offload,1,comparison-01-offload-attempt-01,amcl_scan_callback,1373,1373,1184,1373,0,0.0,0.08381791697013838
offload,1,comparison-01-offload-attempt-01,bt_tick,13078,13078,8658,13078,0,0.0,0.01680249273589234
offload,1,comparison-01-offload-attempt-01,collision_check,3212,3211,2869,3212,0,0.0,0.048583307380878245
offload,1,comparison-01-offload-attempt-01,control_iteration,3164,3164,2817,3164,0,0.0,0.050261061946902656
offload,1,comparison-01-offload-attempt-01,controller_path_install,235,235,140,235,0,0.0,0.015327659574468085
offload,1,comparison-01-offload-attempt-01,global_costmap_update,275,275,219,275,0,0.0,0.09373818181818182
offload,1,comparison-01-offload-attempt-01,local_costmap_update,1231,1231,837,1231,0,0.0,0.09282534524776605
offload,1,comparison-01-offload-attempt-01,mppi_noise_generation,3165,3165,2553,3165,0,0.0,0.023680252764612955
offload,1,comparison-01-offload-attempt-01,planning_request,236,236,139,236,0,0.0,0.04926694915254238
offload,1,comparison-01-offload-attempt-01,velocity_command_callback,3130,3130,2512,3130,0,0.0,0.014779872204472846
offload,1,comparison-01-offload-attempt-01,velocity_smoothing_tick,3317,3317,2481,3317,0,0.0,0.03849170937594212
greedy,1,comparison-01-greedy-attempt-01,amcl_scan_callback,1356,1356,1171,1356,85,0.06268436578171091,0.006372418879056049
greedy,1,comparison-01-greedy-attempt-01,bt_tick,27087,27087,18289,27087,5912,0.2182596817661609,0.0038430612470927022
greedy,1,comparison-01-greedy-attempt-01,collision_check,5424,5423,4872,5424,0,0.0,0.02367176839387793
greedy,1,comparison-01-greedy-attempt-01,control_iteration,5424,5424,4857,5424,0,0.0,0.009623340707964603
greedy,1,comparison-01-greedy-attempt-01,controller_path_install,262,262,157,262,0,0.0,0.0036679389312977103
greedy,1,comparison-01-greedy-attempt-01,global_costmap_update,272,272,229,272,0,0.0,0.003893382352941176
greedy,1,comparison-01-greedy-attempt-01,local_costmap_update,1357,1357,909,1357,0,0.0,0.0030154753131908627
greedy,1,comparison-01-greedy-attempt-01,mppi_noise_generation,5425,5425,4416,5425,0,0.0,0.007599262672811059
greedy,1,comparison-01-greedy-attempt-01,planning_request,262,262,160,262,0,0.0,0.02377862595419848
greedy,1,comparison-01-greedy-attempt-01,velocity_command_callback,5424,5424,4649,5424,0,0.0,0.005030604719764012
greedy,1,comparison-01-greedy-attempt-01,velocity_smoothing_tick,5425,5425,4558,5425,0,0.0,0.004369769585253456
