policy,task,jobs,percentage
local,control_iteration,4762,9.49911232570665
local,local_costmap_update,1279,2.551315553250484
local,global_costmap_update,273,0.5445732181683988
local,velocity_smoothing_tick,4792,9.558955536494384
local,bt_tick,22897,45.67433324689314
local,planning_request,239,0.4767509126089645
local,amcl_scan_callback,1361,2.714886996070296
local,mppi_noise_generation,4763,9.501107099399572
local,velocity_command_callback,4762,9.49911232570665
local,collision_check,4764,9.503101873092497
local,controller_path_install,239,0.4767509126089645
random,control_iteration,5342,9.412884127431631
random,local_costmap_update,1358,2.392867211728221
random,global_costmap_update,272,0.47927826332111645
random,velocity_smoothing_tick,5354,9.434028756695799
random,bt_tick,26524,46.73667888356358
random,planning_request,261,0.4598956864956301
random,amcl_scan_callback,1360,2.396391316605582
random,mppi_noise_generation,5343,9.414646179870314
random,velocity_command_callback,5335,9.40054976036087
random,collision_check,5342,9.412884127431631
random,controller_path_install,261,0.4598956864956301
offload,control_iteration,3164,9.76061204343534
offload,local_costmap_update,1231,3.7975074037512337
offload,global_costmap_update,275,0.8483464955577492
offload,velocity_smoothing_tick,3317,10.232601184600197
offload,bt_tick,13078,40.34427443237907
offload,planning_request,236,0.728035538005923
offload,amcl_scan_callback,1373,4.235562685093781
offload,mppi_noise_generation,3165,9.763696939782823
offload,velocity_command_callback,3130,9.655725567620928
offload,collision_check,3212,9.908687068114512
offload,controller_path_install,235,0.7249506416584403
greedy,control_iteration,5424,9.397415017845386
greedy,local_costmap_update,1357,2.3510863162271733
greedy,global_costmap_update,272,0.4712568003049309
greedy,velocity_smoothing_tick,5425,9.399147579611213
greedy,bt_tick,27087,46.92990055095464
greedy,planning_request,262,0.4539311826466614
greedy,amcl_scan_callback,1356,2.3493537544613465
greedy,mppi_noise_generation,5425,9.399147579611213
greedy,velocity_command_callback,5424,9.397415017845386
greedy,collision_check,5424,9.397415017845386
greedy,controller_path_install,262,0.4539311826466614
