policy,device,endpoint,jobs,active_s,cooling_s,cooling_entries,max_temperature,R,capacitance,tau_s,mid_power_at45,max_power_at45,idle_equilibrium,mid_equilibrium_frozen_leakage
local,0,vehicle,18312,64.639,21.465,53,46.20151498172257,5.768427081631327,0.0975541437824341,0.5627339649199492,0.2440421253595546,0.35809171213641416,45.288421354081564,46.407739204982924
local,1,edge_start,0,0,0.0,0,45.74938886686605,4.9959257791268685,0.1680635246036086,0.8396328950980909,0.9340979876885228,1.3582104137240258,45.74938886686903,49.66668421692362
local,2,edge_01,0,0,0.0,0,45.62573868693416,4.171591246241807,0.1426951372705321,0.5952657855190246,0.9340979876885228,1.3582104137240258,45.62573868693627,48.89667498857353
local,3,edge_fill_01,0,0,0.0,0,45.74208991674961,4.94726611167966,0.13309981109864139,0.6584801849192728,0.9340979876885228,1.3582104137240258,45.74208991675195,49.62123131947959
local,4,edge_02,0,0,0.0,0,45.89390231679227,5.959348778639539,0.17279350075414207,1.029736737676047,0.9340979876885228,1.3582104137240258,45.89390231679593,50.56661570206125
local,5,edge_03,0,0,0.0,0,45.770698475585796,5.137989837253312,0.12068183948891067,0.6200620648350585,0.9340979876885228,1.3582104137240258,45.770698475588,49.7993859677424
local,6,edge_04,0,0,0.0,0,45.85829160458457,5.721944030586371,0.16655788203769015,0.9530348788726701,0.9340979876885228,1.3582104137240258,45.858291604587954,50.344856404637085
local,7,edge_05,0,0,0.0,0,45.64402732579751,4.2935155053323495,0.15406138543430903,0.6614649471351892,0.9340979876885228,1.3582104137240258,45.644027325799854,49.01056419364042
local,8,edge_06,0,0,0.0,0,45.84885446608449,5.659029773917469,0.1560373078764905,0.8830197711149865,0.9340979876885228,1.3582104137240258,45.84885446608762,50.286088324085746
local,9,edge_07,0,0,0.0,0,45.71356693484366,4.757112898976694,0.16808262754165007,0.7995880355722789,0.9340979876885228,1.3582104137240258,45.713566934846504,49.44360958614124
local,10,edge_08,0,0,0.0,0,45.729000748286325,4.8600049885961845,0.17980364239826882,0.8738465990233509,0.9340979876885228,1.3582104137240258,45.72900074828943,49.53972088000388
local,11,edge_fill_02,0,0,0.0,0,45.72246375681566,4.816425045452853,0.13311643371577658,0.6411453253100309,0.9340979876885228,1.3582104137240258,45.72246375681793,49.49901294281011
local,12,edge_09,0,0,0.0,0,45.613484500485306,4.089896669918266,0.1679948352207274,0.6870815171327208,0.9340979876885228,1.3582104137240258,45.61348450048774,48.820364249224646
local,13,edge_fill_03,0,0,0.0,0,45.78529883098145,5.235325539895382,0.15353685561355557,0.8038154215088772,0.9340979876885228,1.3582104137240258,45.78529883098431,49.89030705171061
local,14,edge_10,0,0,0.0,0,45.84481013385726,5.632067559065593,0.12897440276579114,0.726392549767072,0.9340979876885228,1.3582104137240258,45.84481013385984,50.26090297344898
local,15,edge_11,0,0,0.0,0,45.70870622744631,4.724708182995177,0.17703441121071822,0.8364359313190135,0.9340979876885228,1.3582104137240258,45.70870622744928,49.41334040615129
local,16,edge_fill_04,0,0,0.0,0,45.618222255964426,4.12148170644444,0.15287068562435638,0.6300537342524039,0.9340979876885228,1.3582104137240258,45.618222255966664,48.84986776828481
local,17,edge_12,0,0,0.0,0,45.6900810929146,4.600540619448225,0.16079458381559808,0.7397420142309311,0.9340979876885228,1.3582104137240258,45.69008109291723,49.2973557349059
local,18,edge_13,0,0,0.0,0,45.63494603295257,4.23297355303178,0.14604803213569825,0.6182174575027461,0.9340979876885228,1.3582104137240258,45.634946032954765,48.95401207782572
local,19,edge_14,0,0,0.0,0,45.695230992838454,4.634873285603563,0.12666263721001714,0.5870652734888042,0.9340979876885228,1.3582104137240258,45.695230992840536,49.32942580927358
local,20,edge_15,0,0,0.0,0,45.673576788239636,4.490511921615617,0.17000599961442986,0.7634139680147773,0.9340979876885228,1.3582104137240258,45.67357678824234,49.194578149672466
local,21,edge_16,0,0,0.0,0,45.806567292360214,5.377115282417829,0.1288237833254916,0.692700334058384,0.9340979876885228,1.3582104137240258,45.80656729236267,50.022752564875695
local,22,edge_17,0,0,0.0,0,45.83432950836543,5.562196722457684,0.1632347571442124,0.9079438311787142,0.9340979876885228,1.3582104137240258,45.834329508368654,50.19563676557542
local,23,edge_18,0,0,0.0,0,45.85798784168437,5.719918944581192,0.13807724739574562,0.7897906631945494,0.9340979876885228,1.3582104137240258,45.85798784168718,50.34296477587475
local,24,edge_19,0,0,0.0,0,45.66866040388623,4.457736025921037,0.12181269149095299,0.543008823273626,0.9340979876885228,1.3582104137240258,45.668660403888154,49.16396225145947
local,25,edge_finish,0,0,0.0,0,45.78584968130271,5.238997875371223,0.16017080784010743,0.8391345219708153,0.9340979876885228,1.3582104137240258,45.785849681305685,49.89373737288871
offload,0,vehicle,0,0,0.0,0,45.28842135407957,5.768427081631327,0.0975541437824341,0.5627339649199492,0.2440421253595546,0.35809171213641416,45.288421354081564,46.407739204982924
offload,1,edge_start,413,0.926,2.186,6,46.50007588874254,4.9959257791268685,0.1680635246036086,0.8396328950980909,0.9340979876885228,1.3582104137240258,45.74938886686903,49.66668421692362
offload,2,edge_01,1471,3.177,6.662,26,46.50336485649435,4.171591246241807,0.1426951372705321,0.5952657855190246,0.9340979876885228,1.3582104137240258,45.62573868693627,48.89667498857353
offload,3,edge_fill_01,1373,2.894,8.308,29,46.50393866981734,4.94726611167966,0.13309981109864139,0.6584801849192728,0.9340979876885228,1.3582104137240258,45.74208991675195,49.62123131947959
offload,4,edge_02,672,1.403,5.432,12,46.50071303550766,5.959348778639539,0.17279350075414207,1.029736737676047,0.9340979876885228,1.3582104137240258,45.89390231679593,50.56661570206125
offload,5,edge_03,1556,3.16,9.461,35,46.50446789161448,5.137989837253312,0.12068183948891067,0.6200620648350585,0.9340979876885228,1.3582104137240258,45.770698475588,49.7993859677424
offload,6,edge_04,1155,2.322,8.36,20,46.50160834268962,5.721944030586371,0.16655788203769015,0.9530348788726701,0.9340979876885228,1.3582104137240258,45.858291604587954,50.344856404637085
offload,7,edge_05,1800,3.481,6.555,23,46.504169891974946,4.2935155053323495,0.15406138543430903,0.6614649471351892,0.9340979876885228,1.3582104137240258,45.644027325799854,49.01056419364042
offload,8,edge_06,898,1.785,5.913,16,46.50357283471544,5.659029773917469,0.1560373078764905,0.8830197711149865,0.9340979876885228,1.3582104137240258,45.84885446608762,50.286088324085746
offload,9,edge_07,623,1.188,2.7720000000000002,8,46.502811115306116,4.757112898976694,0.16808262754165007,0.7995880355722789,0.9340979876885228,1.3582104137240258,45.713566934846504,49.44360958614124
offload,10,edge_08,0,0,0.0,0,45.729000748286325,4.8600049885961845,0.17980364239826882,0.8738465990233509,0.9340979876885228,1.3582104137240258,45.72900074828943,49.53972088000388
offload,11,edge_fill_02,0,0,0.0,0,45.72246375681566,4.816425045452853,0.13311643371577658,0.6411453253100309,0.9340979876885228,1.3582104137240258,45.72246375681793,49.49901294281011
offload,12,edge_09,0,0,0.0,0,45.613484500485306,4.089896669918266,0.1679948352207274,0.6870815171327208,0.9340979876885228,1.3582104137240258,45.61348450048774,48.820364249224646
offload,13,edge_fill_03,0,0,0.0,0,45.78529883098145,5.235325539895382,0.15353685561355557,0.8038154215088772,0.9340979876885228,1.3582104137240258,45.78529883098431,49.89030705171061
offload,14,edge_10,0,0,0.0,0,45.84481013385726,5.632067559065593,0.12897440276579114,0.726392549767072,0.9340979876885228,1.3582104137240258,45.84481013385984,50.26090297344898
offload,15,edge_11,899,1.784,4.343,12,46.50387505933628,4.724708182995177,0.17703441121071822,0.8364359313190135,0.9340979876885228,1.3582104137240258,45.70870622744928,49.41334040615129
offload,16,edge_fill_04,0,0,0.0,0,45.618222255964426,4.12148170644444,0.15287068562435638,0.6300537342524039,0.9340979876885228,1.3582104137240258,45.618222255966664,48.84986776828481
offload,17,edge_12,87,0.189,0.322,1,46.50252806578461,4.600540619448225,0.16079458381559808,0.7397420142309311,0.9340979876885228,1.3582104137240258,45.69008109291723,49.2973557349059
offload,18,edge_13,610,1.437,3.192,12,46.502984880287265,4.23297355303178,0.14604803213569825,0.6182174575027461,0.9340979876885228,1.3582104137240258,45.634946032954765,48.95401207782572
offload,19,edge_14,402,1.045,3.052,12,46.50583102236612,4.634873285603563,0.12666263721001714,0.5870652734888042,0.9340979876885228,1.3582104137240258,45.695230992840536,49.32942580927358
offload,20,edge_15,0,0,0.0,0,45.673576788239636,4.490511921615617,0.17000599961442986,0.7634139680147773,0.9340979876885228,1.3582104137240258,45.67357678824234,49.194578149672466
offload,21,edge_16,0,0,0.0,0,45.806567292360214,5.377115282417829,0.1288237833254916,0.692700334058384,0.9340979876885228,1.3582104137240258,45.80656729236267,50.022752564875695
offload,22,edge_17,0,0,0.0,0,45.83432950836543,5.562196722457684,0.1632347571442124,0.9079438311787142,0.9340979876885228,1.3582104137240258,45.834329508368654,50.19563676557542
offload,23,edge_18,0,0,0.0,0,45.85798784168437,5.719918944581192,0.13807724739574562,0.7897906631945494,0.9340979876885228,1.3582104137240258,45.85798784168718,50.34296477587475
offload,24,edge_19,0,0,0.0,0,45.66866040388623,4.457736025921037,0.12181269149095299,0.543008823273626,0.9340979876885228,1.3582104137240258,45.668660403888154,49.16396225145947
offload,25,edge_finish,0,0,0.0,0,45.78584968130271,5.238997875371223,0.16017080784010743,0.8391345219708153,0.9340979876885228,1.3582104137240258,45.785849681305685,49.89373737288871
random,0,vehicle,6233,22.624000000000002,0.0,0,45.926626417036985,5.768427081631327,0.0975541437824341,0.5627339649199492,0.2440421253595546,0.35809171213641416,45.288421354081564,46.407739204982924
random,1,edge_start,432,0.898,0.0,0,46.27520353892193,4.9959257791268685,0.1680635246036086,0.8396328950980909,0.9340979876885228,1.3582104137240258,45.74938886686903,49.66668421692362
random,2,edge_01,1023,2.374,0.256,1,46.49964512716939,4.171591246241807,0.1426951372705321,0.5952657855190246,0.9340979876885228,1.3582104137240258,45.62573868693627,48.89667498857353
random,3,edge_fill_01,1054,2.095,0.5720000000000001,2,46.49587872230919,4.94726611167966,0.13309981109864139,0.6584801849192728,0.9340979876885228,1.3582104137240258,45.74208991675195,49.62123131947959
random,4,edge_02,926,2.001,1.81,4,46.5000379364625,5.959348778639539,0.17279350075414207,1.029736737676047,0.9340979876885228,1.3582104137240258,45.89390231679593,50.56661570206125
random,5,edge_03,1451,2.9130000000000003,1.622,6,46.50050478392858,5.137989837253312,0.12068183948891067,0.6200620648350585,0.9340979876885228,1.3582104137240258,45.770698475588,49.7993859677424
random,6,edge_04,1199,2.387,4.178,10,46.502972859502066,5.721944030586371,0.16655788203769015,0.9530348788726701,0.9340979876885228,1.3582104137240258,45.858291604587954,50.344856404637085
random,7,edge_05,1327,2.727,0.5690000000000001,2,46.49555252802892,4.2935155053323495,0.15406138543430903,0.6614649471351892,0.9340979876885228,1.3582104137240258,45.644027325799854,49.01056419364042
random,8,edge_06,671,1.328,0.773,2,46.50155981811438,5.659029773917469,0.1560373078764905,0.8830197711149865,0.9340979876885228,1.3582104137240258,45.84885446608762,50.286088324085746
random,9,edge_07,1303,2.59,0.0,0,46.34633396738549,4.757112898976694,0.16808262754165007,0.7995880355722789,0.9340979876885228,1.3582104137240258,45.713566934846504,49.44360958614124
random,10,edge_08,332,0.701,0.0,0,46.32523279257879,4.8600049885961845,0.17980364239826882,0.8738465990233509,0.9340979876885228,1.3582104137240258,45.72900074828943,49.53972088000388
random,11,edge_fill_02,430,0.848,0.0,0,46.29695154889047,4.816425045452853,0.13311643371577658,0.6411453253100309,0.9340979876885228,1.3582104137240258,45.72246375681793,49.49901294281011
random,12,edge_09,0,0,0.0,0,45.613484500485306,4.089896669918266,0.1679948352207274,0.6870815171327208,0.9340979876885228,1.3582104137240258,45.61348450048774,48.820364249224646
random,13,edge_fill_03,609,1.2590000000000001,0.6990000000000001,2,46.493138760746085,5.235325539895382,0.15353685561355557,0.8038154215088772,0.9340979876885228,1.3582104137240258,45.78529883098431,49.89030705171061
random,14,edge_10,606,1.215,0.32,1,46.489852169355494,5.632067559065593,0.12897440276579114,0.726392549767072,0.9340979876885228,1.3582104137240258,45.84481013385984,50.26090297344898
random,15,edge_11,878,1.832,0.0,0,46.30747811910548,4.724708182995177,0.17703441121071822,0.8364359313190135,0.9340979876885228,1.3582104137240258,45.70870622744928,49.41334040615129
random,16,edge_fill_04,722,1.506,0.0,0,46.30323368688347,4.12148170644444,0.15287068562435638,0.6300537342524039,0.9340979876885228,1.3582104137240258,45.618222255966664,48.84986776828481
random,17,edge_12,1410,3.052,0.0,0,46.459872575998034,4.600540619448225,0.16079458381559808,0.7397420142309311,0.9340979876885228,1.3582104137240258,45.69008109291723,49.2973557349059
random,18,edge_13,800,1.8880000000000001,0.0,0,46.33561791540169,4.23297355303178,0.14604803213569825,0.6182174575027461,0.9340979876885228,1.3582104137240258,45.634946032954765,48.95401207782572
random,19,edge_14,461,1.085,0.0,0,46.37995676637225,4.634873285603563,0.12666263721001714,0.5870652734888042,0.9340979876885228,1.3582104137240258,45.695230992840536,49.32942580927358
random,20,edge_15,65,0.17800000000000002,0.0,0,46.08050029789363,4.490511921615617,0.17000599961442986,0.7634139680147773,0.9340979876885228,1.3582104137240258,45.67357678824234,49.194578149672466
random,21,edge_16,284,0.684,0.304,1,46.48904537323733,5.377115282417829,0.1288237833254916,0.692700334058384,0.9340979876885228,1.3582104137240258,45.80656729236267,50.022752564875695
random,22,edge_17,0,0,0.0,0,45.83432950836543,5.562196722457684,0.1632347571442124,0.9079438311787142,0.9340979876885228,1.3582104137240258,45.834329508368654,50.19563676557542
random,23,edge_18,0,0,0.0,0,45.85798784168437,5.719918944581192,0.13807724739574562,0.7897906631945494,0.9340979876885228,1.3582104137240258,45.85798784168718,50.34296477587475
random,24,edge_19,0,0,0.0,0,45.66866040388623,4.457736025921037,0.12181269149095299,0.543008823273626,0.9340979876885228,1.3582104137240258,45.668660403888154,49.16396225145947
random,25,edge_finish,133,0.29,0.0,0,46.12027652645145,5.238997875371223,0.16017080784010743,0.8391345219708153,0.9340979876885228,1.3582104137240258,45.785849681305685,49.89373737288871
