policy,task,n,response,prerequisite,queue,active,quantization,cooling_during_service,other_service,queue_cooling,upload,actual_cpu,selected_reference,ideal_at_max,dmr,hi_fraction,impossible_even_max_direct_upload,impossible_upload_plus_tick,observed_max_exceeded
local,local_costmap_update,518,0.04505598455598456,0.004480694980694981,0.03957528957528957,0.0010000000000000005,0.0002003536900737832,0.0,0.0,0.02868146718146718,0.0,0.00034324498069498066,0.00095957557191146,0.0010000000000000005,0.27413127413127414,0.0,0,0,0
local,bt_tick,7033,0.010420588653490687,0.0,0.004828664865633443,0.0033460827527370973,0.0005906435436016355,0.0022458410351201483,-3.0782523788128185e-19,0.0008046352907720747,0.0,0.00041849426987061,0.004198312206657137,0.0033460827527370973,0.6615953362718612,0.1955068960614247,1375,0,0
local,planning_request,480,0.051585416666666675,0.014335416666666672,0.004079166666666667,0.02810833333333334,0.0004313752738725816,0.0050625,0.0,0.0,0.0,0.024377281458333334,0.03481362998385291,0.022108333333333344,0.03958333333333333,0.12083333333333333,58,0,0
local,amcl_scan_callback,558,0.044774193548387096,0.0,0.0390483870967742,0.005,0.000993571192381101,0.0007258064516129033,0.0,0.028887096774193547,0.0,0.0023253836917562724,0.004807714569142679,0.004,0.33512544802867383,0.0,0,0,0
local,velocity_smoothing_tick,1859,0.01758418504572351,0.0,0.01658418504572351,0.0010000000000000005,0.0008722245959059063,0.0,0.0,0.008937062937062935,0.0,8.136793975255515e-06,0.00015333048491291199,0.0010000000000000005,0.5540613232920926,0.0,0,0,0
local,controller_path_install,479,0.01987473903966597,0.0,0.01797703549060543,0.001052192066805846,0.0008220945669480769,0.0008455114822546973,0.0,0.014703549060542798,0.0,0.00011099895615866388,0.0002913636073449801,0.001052192066805846,0.0,0.05219206680584551,479,479,0
local,control_iteration,1813,0.020557087699944843,0.003591285162713734,0.009072255929398787,0.007000000000000003,0.0006388754994720875,0.0008935466078323222,0.0,0.004135135135135136,0.0,0.003636049034749034,0.007633349400633496,0.005,0.7142857142857143,0.0,0,0,0
local,velocity_command_callback,1813,0.00943684500827358,0.0,0.008411472697186983,0.0010253723110865973,0.0009826089200031625,0.0,0.0,0.002233866519580805,0.0,5.440430226144512e-06,5.9664828263165596e-05,0.0010253723110865973,0.09707666850523994,0.0126861555432984,23,0,0
local,mppi_noise_generation,1813,0.010341974627688913,0.0,0.006890788747931606,0.003004412575841148,0.00017320202580055994,0.0004467733039161611,0.0,0.0011169332597904028,0.0,0.001656765140650855,0.003399058286082901,0.0030038610038610036,0.604522890237176,0.0005515719801434088,1,0,0
local,collision_check,1834,0.03877153762268267,0.022230098146128682,0.015541439476553981,0.0010000000000000005,0.0004885817813284249,0.0,0.0,0.008706652126499457,0.0,0.00022064912758996727,0.0006137018624058901,0.0010000000000000005,0.0027262813522355507,0.0,0,0,0
local,global_costmap_update,112,0.04141071428571429,0.009776785714285715,0.030633928571428576,0.0010000000000000005,0.00017632964477150905,0.0,0.0,0.025446428571428575,0.0,0.0004425580357142857,0.0009884044262741894,0.0010000000000000005,0.45535714285714285,0.0,0,0,0
offload,bt_tick,4274,0.022753860552175948,0.0037297613476836695,0.010993448759943847,0.0020996724379971922,0.0007142848780886464,0.00593097800655124,-2.5976205536386443e-19,0.009569021993448761,0.0037297613476836695,0.00043862377164248945,0.004661280150639364,0.0020996724379971922,0.6609733270940571,0.21993448759943846,940,0,0
offload,planning_request,326,0.12074539877300614,0.0425521472392638,0.006524539877300614,0.013622699386503068,0.0005030362076663763,0.058046012269938656,-4.427269730100317e-18,0.0036717791411042945,0.0037392638036809825,0.02469812944785276,0.03770081320555846,0.010622699386503068,0.4386503067484663,0.17484662576687116,16,0,0
offload,local_costmap_update,494,0.11185020242914981,0.017633603238866397,0.09321659919028341,0.0010000000000000002,0.0006446016400327926,0.0,0.0,0.08623886639676114,0.0037267206477732797,0.0003618200404858299,0.0009595755719114601,0.0010000000000000002,0.0,0.0,494,494,0
offload,global_costmap_update,113,0.12185840707964601,0.05404424778761061,0.0668141592920354,0.0010000000000000005,0.0006339242865651153,0.0,0.0,0.06139823008849559,0.003716814159292036,0.00045316194690265486,0.0009884044262741896,0.0010000000000000005,0.0,0.0,113,113,0
offload,amcl_scan_callback,563,0.09297868561278862,0.003715808170515098,0.0818614564831261,0.002,0.00021936497439160028,0.005401420959147424,-9.859884765765156e-20,0.0765328596802842,0.003715808170515098,0.0023259012433392537,0.00480771456914268,0.002,0.3321492007104796,0.0,0,0,0
offload,controller_path_install,325,0.03721846153846154,0.0038461538461538464,0.029387692307692302,0.0010000000000000002,0.0008869987941740199,0.0029846153846153846,0.0,0.02824307692307692,0.0037384615384615386,0.00011220123076923077,0.0003051032557301465,0.0010000000000000002,0.0,0.05846153846153846,325,325,0
offload,velocity_smoothing_tick,1236,0.05054288025889968,0.003772653721682848,0.044832524271844656,0.0010000000000000002,0.0009432109315137364,0.0009377022653721684,0.0,0.041510517799352754,0.0037322006472491906,8.11537216828479e-06,0.00015333048491291204,0.0010000000000000002,0.42071197411003236,0.0,231,231,0
offload,control_iteration,1147,0.05678552746294683,0.018755013077593724,0.029397558849171754,0.0029999999999999996,0.00017283355532092754,0.005632955536181343,-9.679363771797355e-20,0.026547515257192674,0.0037279860505666958,0.0036735418482999123,0.007633349400633496,0.0029999999999999996,0.6181342632955537,0.0,0,0,0
offload,velocity_command_callback,1140,0.016687719298245616,0.0037622807017543857,0.010526315789473686,0.0010078947368421052,0.0009934055504466543,0.0013912280701754384,0.0,0.007670175438596491,0.0037280701754385964,5.382543859649123e-06,4.135580326771822e-05,0.0010078947368421052,0.0,0.007894736842105263,1140,1140,0
offload,mppi_noise_generation,1147,0.023197035745422843,0.0037672188317349605,0.011440278988666085,0.0020000000000000005,0.000743510613876972,0.005989537925021797,-9.679363771797355e-20,0.008390584132519618,0.003733217088055798,0.0016704099389712292,0.003392521342532175,0.0010000000000000002,0.05231037489102005,0.0,214,214,0
offload,collision_check,1194,0.05719765494137354,0.02392713567839196,0.030512562814070353,0.0010033500837520939,0.0007728803052763117,0.0017546063651591292,0.0,0.027844221105527634,0.0037412060301507542,0.0002261030988274707,0.0006245414755864546,0.0010025125628140704,0.005025125628140704,0.0008375209380234506,657,657,0
random,bt_tick,9555,0.007335949764521194,0.0032440607012035583,0.001142333856619571,0.0024346415489272634,0.0006849821838528165,0.0005149136577708006,-1.1619288588437012e-20,0.0006277341705913134,0.0032440607012035583,0.0004241910936682365,0.004434217057821888,0.0024346415489272634,0.7515436944008372,0.20795395081109366,1987,0,0
random,planning_request,585,0.044582905982905985,0.01776752136752137,0.0003333333333333333,0.01844786324786325,0.0004897319208377,0.008034188034188034,-4.744542840278447e-19,0.0,0.0032256410256410258,0.02512185435897436,0.0391367144901384,0.014622222222222226,0.30256410256410254,0.20170940170940171,97,0,0
random,local_costmap_update,554,0.015000000000000001,0.008592057761732852,0.005407942238267149,0.001,0.0005243178990691618,0.0,0.0,0.004415162454873645,0.003259927797833935,0.0003540938628158845,0.00095957557191146,0.001,0.07220216606498195,0.0,404,404,0
random,amcl_scan_callback,559,0.013153846153846157,0.0031878354203935598,0.0064203935599284456,0.0028533094812164582,0.0004395774764673258,0.0006923076923076924,0.0,0.005078711985688731,0.0031878354203935598,0.002431483184257603,0.004807714569142679,0.002568872987477639,0.8443649373881932,0.0,0,0,0
random,velocity_smoothing_tick,2111,0.009803410705826623,0.005281856939838939,0.003521553765987684,0.0010000000000000002,0.0009222950145321778,0.0,0.0,0.0027546186641402176,0.003144481288488868,8.833728090952156e-06,0.000153330484912912,0.0010000000000000002,0.29038370440549505,0.0,970,970,0
random,controller_path_install,585,0.006464957264957265,0.005355555555555555,9.572649572649573e-05,0.0010136752136752137,0.0008585503524660081,0.0,0.0,0.0,0.0031931623931623935,0.00011508136752136754,0.0003268311081570985,0.0010136752136752137,0.0,0.06837606837606838,585,585,0
random,control_iteration,2071,0.016329309512312897,0.008654273297923709,0.0031646547561564463,0.0041047802993722845,0.00030155204496576745,0.00040560115886045393,0.0,0.0026552390149686147,0.0032288749396426845,0.003770548092708836,0.007633349400633496,0.0035523901496861423,0.29647513278609366,0.0,0,0,0
random,velocity_command_callback,2062,0.007980601357904947,0.005375363724539282,0.0014582929194956356,0.001022793404461688,0.0009872834807059844,0.00012415130940834142,0.0,0.0008147429679922405,0.0032124151309408343,5.923569350145489e-06,7.790202839270533e-05,0.001022793404461688,0.05431619786614937,0.01745877788554801,1509,1498,0
random,mppi_noise_generation,2071,0.009765330758087882,0.005275712216320618,0.002190729116368904,0.0022988894253983586,0.0005729608009785208,0.0,0.0,0.001257363592467407,0.003139063254466441,0.001727398599710285,0.0033925213425321735,0.001597778850796717,0.1313375181071946,0.0,964,964,0
random,global_costmap_update,112,0.030535714285714284,0.0281875,0.0013482142857142857,0.0010000000000000005,0.0005276969590058853,0.0,0.0,0.0009107142857142857,0.0034017857142857144,0.00044990535714285713,0.0009884044262741894,0.0010000000000000005,0.017857142857142856,0.0,86,86,0
random,collision_check,2084,0.026508637236084456,0.021509596928982726,0.0039990403071017274,0.0010000000000000005,0.0006902206023497675,0.0,0.0,0.003190978886756238,0.003165547024952015,0.00022616645873320537,0.0006137018624058899,0.0010000000000000005,0.003838771593090211,0.0,1194,1194,0
