task,C_HI_reference_s,W_HI_mcycles,reference_frequency_mhz,reference_eta,T_i_s,release_rate_hz,ideal_A15_max_HI_s,uniform_factor,D_i_s
amcl_scan_callback,0.019939,19.939,1000.0,1.0,,,0.005538611111111111,1.298195671103697,0.007190200968371282
bt_tick,0.0194456,19.4456,1000.0,1.0,0.01,100.0,0.005401555555555555,1.268389416434067,0.006851275898947303
collision_check,0.013556200000000001,13.5562,1000.0,1.0,,,0.003765611111111111,1.2594020406347681,0.0047424183175702895
control_iteration,0.0306778,30.6778,1000.0,1.0,0.05,20.0,0.008521611111111112,1.2353820472584287,0.010527445380384618
controller_path_install,0.0023685,2.3685,1000.0,1.0,,,0.0006579166666666667,1.2154419896018536,0.0007996595423255528
global_costmap_update,0.0099746,9.9746,1000.0,1.0,1.0,1.0,0.0027707222222222226,1.2883217497438577,0.0035695817013875236
local_costmap_update,0.0076756,7.6756,1000.0,1.0,0.2,5.0,0.002132111111111111,1.1258369730251452,0.002400409519486612
mppi_noise_generation,0.015244,15.244,1000.0,1.0,,,0.004234444444444444,1.2785814339683224,0.005414082049836974
planning_request,0.0818079,81.8079,1000.0,1.0,,,0.022724416666666667,1.2093935102438316,0.02748276204074343
velocity_command_callback,0.0038323999999999997,3.8324,1000.0,1.0,,,0.0010645555555555556,1.24954720959052,0.0013302124238985303
velocity_smoothing_tick,0.0162255,16.2255,1000.0,1.0,0.05,20.0,0.004507083333333333,1.2159896944548767,0.0054805668853826674
