task,C_LO_reference_s,C_HI_reference_s,W_LO_mcycles,W_HI_mcycles,A7_middle_LO_s,A7_middle_HI_s,A15_middle_LO_s,A15_middle_HI_s,isolated_A7_boost_HI_s,isolated_A15_boost_HI_s,ideal_A15_max_HI_s,T_i_s,release_rate_hz,T_A7_middle_cycles,T_A15_middle_cycles,D_i_s
amcl_scan_callback,0.004807714569142679,0.019939,4.8077145691426795,19.939,0.0040064288076189,0.016615833333333333,0.0017806350256083998,0.0073848148148148145,0.013463482201904724,0.005983769867513211,0.005538611111111111,,,,,0.007190200968371282
bt_tick,0.0004929356220253868,0.0194456,0.4929356220253868,19.4456,0.0004107796850211557,0.016204666666666666,0.00018256874889829142,0.007202074074074073,0.01225619492125529,0.005447197742780129,0.005401555555555555,0.01,100.0,12000000.0,15000000.0,0.006851275898947303
collision_check,0.0006137018624058899,0.013556200000000001,0.6137018624058899,13.5562,0.0005114182186715749,0.011296833333333334,0.0002272969860762555,0.005020814814814815,0.008600479554667894,0.003822435357630175,0.003765611111111111,,,,,0.0047424183175702895
control_iteration,0.007633349400633496,0.0306778,7.633349400633496,30.6778,0.0063611245005279135,0.025564833333333335,0.0028271664446790725,0.011362148148148149,0.02076390612513198,0.00922840272228088,0.008521611111111112,0.05,20.0,60000000.0,75000000.0,0.010527445380384618
controller_path_install,0.0001769838500401883,0.0023685,0.1769838500401883,2.3685,0.0001474865417001569,0.0019737500000000002,6.554957408895863e-05,0.0008772222222222223,0.0015171841354250392,0.0006743040601889063,0.0006579166666666667,,,,,0.0007996595423255528
global_costmap_update,0.0009884044262741891,0.0099746,0.9884044262741891,9.9746,0.0008236703552284909,0.008312166666666667,0.00036607571343488484,0.0036942962962962967,0.006440042588807123,0.0028622411505809433,0.0027707222222222226,1.0,1.0,1200000000.0,1500000000.0,0.0035695817013875236
local_costmap_update,0.0009595755719114602,0.0076756,0.9595755719114601,7.6756,0.0007996463099262167,0.006396333333333334,0.00035539835996720745,0.002842814814814815,0.004997161577481555,0.0022209607011029133,0.002132111111111111,0.2,5.0,240000000.0,300000000.0,0.002400409519486612
mppi_noise_generation,0.003392521342532175,0.015244,3.392521342532175,15.244,0.0028271011187768124,0.012703333333333334,0.0012564893861230278,0.005645925925925926,0.010234275279694203,0.0045485667909752016,0.004234444444444444,,,,,0.005414082049836974
planning_request,0.02835470187736824,0.0818079,28.35470187736824,81.8079,0.0236289182311402,0.06817325,0.010501741436062311,0.030299222222222224,0.057037167057785054,0.025349852025682247,0.022724416666666667,,,,,0.02748276204074343
velocity_command_callback,1.1188342816267693e-05,0.0038323999999999997,0.011188342816267693,3.8324,9.32361901355641e-06,0.0031936666666666667,4.143830672691738e-06,0.0014194074074074074,0.0023975809047533892,0.0010655915132237286,0.0010645555555555556,,,,,0.0013302124238985303
velocity_smoothing_tick,0.00015333048491291199,0.0162255,0.15333048491291199,16.2255,0.0001277754040940933,0.01352125,5.67890684862637e-05,0.006009444444444445,0.010172881351023524,0.004521280600454899,0.004507083333333333,0.05,20.0,60000000.0,75000000.0,0.0054805668853826674
