policy,task,jobs,completed,overrun_count,deadline_evaluable,deadline_met,deadline_meet_rate,average_response_s
local,amcl_scan_callback,559,558,0,559,187,0.334525939177102,0.044774193548387096
local,bt_tick,7034,7033,1375,7033,4653,0.6615953362718612,0.010420588653490687
local,collision_check,1834,1834,0,1834,5,0.0027262813522355507,0.03877153762268267
local,control_iteration,1813,1813,0,1813,1295,0.7142857142857143,0.020557087699944843
local,controller_path_install,480,479,25,480,0,0.0,0.01987473903966597
local,global_costmap_update,112,112,0,112,51,0.45535714285714285,0.04141071428571429
local,local_costmap_update,519,518,0,519,142,0.27360308285163776,0.04505598455598456
local,mppi_noise_generation,1813,1813,1,1813,1096,0.604522890237176,0.010341974627688913
local,planning_request,481,480,58,480,19,0.03958333333333333,0.051585416666666675
local,velocity_command_callback,1813,1813,23,1813,176,0.09707666850523994,0.00943684500827358
local,velocity_smoothing_tick,1860,1859,0,1860,1030,0.553763440860215,0.01758418504572351
offload,amcl_scan_callback,564,563,0,564,187,0.33156028368794327,0.09297868561278862
offload,bt_tick,4275,4274,941,4275,2825,0.6608187134502924,0.022753860552175948
offload,collision_check,1194,1194,1,1194,6,0.005025125628140704,0.05719765494137354
offload,control_iteration,1147,1147,0,1147,709,0.6181342632955537,0.05678552746294683
offload,controller_path_install,326,325,19,326,0,0.0,0.03721846153846154
offload,global_costmap_update,113,113,0,113,0,0.0,0.12185840707964601
offload,local_costmap_update,494,494,0,494,0,0.0,0.11185020242914981
offload,mppi_noise_generation,1147,1147,0,1147,60,0.05231037489102005,0.023197035745422843
offload,planning_request,326,326,57,326,143,0.4386503067484663,0.12074539877300614
offload,velocity_command_callback,1140,1140,9,1140,0,0.0,0.016687719298245616
offload,velocity_smoothing_tick,1237,1236,0,1237,520,0.42037186742118027,0.05054288025889968
random,amcl_scan_callback,559,559,0,559,472,0.8443649373881932,0.013153846153846157
random,bt_tick,9556,9555,1987,9555,7181,0.7515436944008372,0.007335949764521194
random,collision_check,2084,2084,0,2084,8,0.003838771593090211,0.026508637236084456
random,control_iteration,2071,2071,0,2071,614,0.29647513278609366,0.016329309512312897
random,controller_path_install,585,585,40,585,0,0.0,0.006464957264957265
random,global_costmap_update,112,112,0,112,2,0.017857142857142856,0.030535714285714284
random,local_costmap_update,554,554,0,554,40,0.07220216606498195,0.015000000000000001
random,mppi_noise_generation,2071,2071,0,2071,272,0.1313375181071946,0.009765330758087882
random,planning_request,585,585,118,585,177,0.30256410256410254,0.044582905982905985
random,velocity_command_callback,2062,2062,36,2062,112,0.05431619786614937,0.007980601357904947
random,velocity_smoothing_tick,2111,2111,0,2111,613,0.29038370440549505,0.009803410705826623
