task,jobs,completed,C_ref_HI_max_s,T_metadata_s,mean_release_to_finish_s,mean_actual_thread_CPU_s,C_ref_LO_mean_s,criticality,LO_budget_jobs,HI_budget_jobs
control_iteration,159,159,0.0306778,0.05,0.12662264150943395,0.005701450943396227,0.007633349400633496,HI,150,9
local_costmap_update,83,82,0.0076756,0.2,0.2206219512195122,0.0005930646341463414,0.0009595755719114602,HI,79,4
global_costmap_update,27,27,0.0099746,1.0,0.2066296296296296,0.0007324629629629631,0.0009884044262741891,HI,24,3
velocity_smoothing_tick,183,182,0.0162255,0.05,0.10430769230769228,1.5182967032967034e-05,0.00015333048491291199,HI,182,1
bt_tick,479,478,0.0194456,0.01,0.05190167364016736,0.0010711571129707112,0.0004929356220253868,HI,70,409
planning_request,40,40,0.0818079,,0.2661,0.038300537499999995,0.02835470187736824,HI,0,40
amcl_scan_callback,131,130,0.019939,,0.1367076923076923,0.003706429230769231,0.004807714569142679,HI,114,17
mppi_noise_generation,159,159,0.015244,,0.025578616352201253,0.0026808383647798743,0.003392521342532175,HI,139,20
velocity_command_callback,159,159,0.0038323999999999997,,0.014232704402515726,1.3003773584905661e-05,1.1188342816267693e-05,HI,125,34
collision_check,167,166,0.013556200000000001,,0.1042831325301205,0.00038431566265060245,0.0006137018624058899,HI,163,4
controller_path_install,40,39,0.0023685,,0.027743589743589734,0.0003147307692307692,0.0001769838500401883,HI,7,33
